Documento_Identidad,Nombre_Paciente,Edad,Frecuencia_Cardiaca,Presion_Arterial_Sistolica,Nivel_Glucosa,Nivel_Trigliceridos,Nivel_Vitamina_D,Horas_Actividad_Semana,Peso_kg,IMC,Colesterol_Total
32406697,Pedro Martinez,73,73,126.6,104.5,245.0,47.5,4.6,64.2,30.5,198.9
45609212,Sofia Lopez,75,52,125.4,87.5,135.6,48.1,5.9,63.1,30.3,222.0
34768424,Pedro Florez,73,80,116.6,86.7,107.1,55.8,2.7,77.9,30.5,246.3
31200624,Juan Hernandez,79,61,124.2,93.0,107.0,37.1,6.5,72.6,25.5,234.9
77951050,Sofia Lopez,75,76,109.1,93.5,207.1,55.3,9.9,,20.8,189.8
24578363,Ana Ruiz,72,68,111.2,90.8,114.7,13.1,0.5,81.4,34.8,229.1
36659117,Sofia Rodriguez,79,62,137.6,95.9,206.6,13.8,8.9,100.8,20.7,270.8
54494354,Laura Lopez,65,65,104.2,94.4,108.4,42.0,5.6,99.6,29.2,276.7
50670787,Maria Ruiz,74,77,105.3,81.6,121.1,48.5,2.5,,31.8,200.7
34003801,Laura Perez,68,59,119.2,92.8,140.1,72.1,9.5,83.7,25.8,247.6
78233769,Luis Gomez,53,66,108.4,99.8,319.5,17.3,4.8,72.3,27.9,233.5
82668141,Valentina Garcia,65,82,106.7,97.4,304.7,67.6,3.3,77.3,30.6,237.3
73975459,Diego Gomez,74,106,121.6,98.0,108.5,24.7,1.8,69.0,35.1,233.8
97144164,Valentina Rodriguez,68,80,-45.0,97.5,125.5,,2.4,76.8,34.8,239.8
92424160,Pedro Martinez,68,63,104.9,92.6,102.9,32.2,8.3,77.3,23.6,236.9
18593059,Diego Rodriguez,69,70,150.8,86.9,147.1,38.0,6.1,66.3,28.0,215.4
28757506,Luis Rodriguez,76,75,126.9,92.0,139.4,20.5,9.1,61.6,24.6,213.6
56692999,Pedro Lopez,69,70,108.8,100.4,274.8,45.2,2.3,68.3,33.0,229.7
43957754,Diego Hernandez,52,85,126.3,111.2,302.7,66.1,1.2,78.5,33.0,241.8
58302504,Maria Martinez,77,77 bpm,128.5,94.9,128.7,40.9,0.1,84.0,37.5,251.7
39737667,Diego Perez,76,85,134.9,75.3,144.1,44.3,5.1,87.8,25.1,271.8
31088012,Valentina Diaz,72,71,118.1,88.6,271.3,69.4,10.0,67.6,22.2,225.4
91861168,Valentina Lopez,68,90,134.6,92.8,221.5,59.4,6.9,79.3,27.6,229.2
93163963,Maria Martinez,65,73,89.4,95.9,90.3,44.3,3.1,89.4,32.2,267.4
31958273,Pedro Ruiz,67,63 bpm,104.2,85.5,120.9,28.0,8.8,92.5,27.2,238.2
67349051,Juan Gomez,75,101 bpm,122.5,105.9,133.8,71.9,7.8,74.1,28.0,215.0
92061828,Ana Perez,76,53,124.9,93.4,110.9,50.4,0.2,71.7,34.2,232.6
41918507,Sofia Martinez,59,66 bpm,106.3,103.7,107.8,25.5,8.2,77.9,27.8,244.5
74261658,Maria Garcia,71,67,123.9,99.1,93.1,28.8,3.0,57.8,30.0,188.0
75147039,Laura Florez,79,105,110.6,98.6,172.5,66.2,1.5,72.1,35.1,222.4
47632148,Ana Garcia,66,96,115.8,96.2,114.4,13.1,2.3,86.2,35.9,240.2
31814501,Maria Florez,74,92 bpm,135.4,96.5,94.3,79.4,4.7,84.6,31.8,239.6
17334901,Maria Florez,62,71,133.6,96.6,111.0,,4.2,70.9,30.1,240.6
61879723,Ana Ruiz,57,104,105.0,96.5,219.5,65.7,2.9,78.3,30.9,248.0
60825596,Pedro Diaz,66,79 bpm,104.1,95.6,242.6,37.6,1.7,62.6,29.9,213.7
93144761,Sofia Lopez,76,86,113.8,113.0,142.8,44.5,7.6,85.6,26.5,240.1
98055042,Maria Lopez,63,77,119.6,98.1,133.0,71.6,9.9,73.8,20.9,210.5
22132693,Sofia Florez,75,74,110.1,99.0,394.8,38.9,7.8,70.9,24.1,247.6
66852293,Diego Diaz,76,71,135.6,101.8,107.9,47.6,3.0,69.6,29.1,233.2
24931115,Carlos Diaz,74,72,125.2,90.8,109.4,13.5,2.4,74.1,31.1,220.5
34005377,Pedro Diaz,73,82,126.1,86.1,117.6,10.2,2.2,68.3,32.3,233.2
92438757,Sofia Gomez,61,79,101.0,94.8,105.2,27.1,1.4,84.9,33.9,246.3
61112289,Sofia Ruiz,75,74,137.5,95.1,128.2,57.6,5.5,69.1,27.2,219.3
48020566,Juan Gomez,73,93,77.7,100.4,283.4,18.5,6.1,98.9,29.9,274.9
87202069,Sofia Rodriguez,71,39,132.5,94.4,166.4,18.0,7.1,97.0,26.1,254.3
96437411,Juan Gomez,60,81,134.0,95.8,132.5,38.8,6.8,,25.3,207.3
91831756,Luis Florez,66,83,113.5,95.3,307.9,55.3,2.9,76.0,31.9,235.9
52778076,Pedro Florez,63,88,139.1,82.1,94.0,59.8,3.3,,35.0,210.4
20758430,Diego Hernandez,65,74,119.1,96.3,108.9,22.5,6.8,70.1,27.5,235.2
30778286,Diego Ruiz,75,77,120.9,100.3,156.8,15.6,3.5,,30.1,305.6
67697272,Maria Gomez,70,86,125.1,89.2,166.5,75.8,2.1,70.4,29.4,214.3
71108534,Pedro Hernandez,65,92,167.8,96.0,93.2,28.2,3.7,80.4,30.1,215.6
29661007,Sofia Lopez,73,71,140.2,96.0,131.3,69.7,2.7,83.1,32.2,214.7
23863529,Juan Ruiz,73,78,130.5,89.4,173.8,70.4,0.9,60.0,33.2,207.7
22569021,Laura Rodriguez,75,95,106.3,88.0,185.8,64.1,8.3,,21.7,203.3
80605469,Carlos Rodriguez,64,49,122.2,111.1,171.3,21.8,8.5,56.9,23.1,208.5
65280248,Luis Rodriguez,69,66,107.8,93.8,120.9,67.5,2.2,61.7,35.3,214.6
49970870,Carlos Lopez,63,92,132.3,91.1,97.9,63.8,0.6,32.2,37.1,144.3
36471311,Valentina Hernandez,78,88,122.1,89.6,134.6,51.8,7.4,83.2,24.4,217.5
15311499,Pedro Diaz,58,81,103.1,97.0,101.0,33.6,2.1,105.8,33.8,283.2
26413328,Valentina Florez,60,69,121.2,96.2,325.9,28.4,3.9,77.2,27.9,237.9
94194703,Juan Hernandez,59,64,107.3,96.7,141.6,18.5,0.6,53.8,37.0,194.2
47201803,Carlos Martinez,75,67,122.3,86.3,120.5,45.7,2.3,65.4,32.8,193.2
63628551,Ana Lopez,67,93,107.1,102.7,206.3,51.0,7.9,68.1,27.4,229.2
70988371,Pedro Hernandez,56,67,120.4,93.7,145.1,35.2,8.0,59.7,21.9,228.7
36356226,Ana Hernandez,74,76,131.3,92.7,119.7,43.3,2.1,87.9,33.9,256.0
99884303,Juan Garcia,62,65 bpm,119.2,94.6,223.7,35.4,3.4,,31.0,238.0
42325149,Maria Florez,54,85,114.1,93.8,251.5,54.9,1.3,57.7,35.1,207.2
78255980,Diego Lopez,75,68,123.0,101.5,179.4,73.1,0.7,85.9,35.9,228.3
33255666,Laura Martinez,56,73,130.5,104.8,93.8,21.5,9.9,97.9,23.2,282.7
96012533,Valentina Hernandez,67,54,103.4,92.5,156.8,36.7,6.6,103.5,25.9,276.5
89157203,Diego Hernandez,54,55,123.9,101.5,205.3,19.9,5.4,118.0,30.1,270.4
99124711,Carlos Gomez,75,75,139.8,99.1,101.7,53.7,7.7,61.5,25.7,207.7
89885559,Diego Diaz,74,59,128.6,104.9,110.8,61.0,8.4,117.4,23.2,303.0
47396843,Ana Diaz,51,100,120.9,91.4,261.3,75.2,8.1,,23.5,219.5
75749277,Juan Hernandez,62,50,129.6,95.8,91.6,29.5,0.2,66.1,31.8,215.0
40267797,Laura Ruiz,68,65,126.8,92.0,201.8,76.5,1.9,79.9,31.7,221.5
38570055,Diego Lopez,76,75,131.3,100.2,141.4,14.4,6.5,66.3,29.3,227.9
32636262,Carlos Rodriguez,76,70,89.6,72.3,137.4,52.2,3.8,81.0,30.8,231.8
99920287,Valentina Ruiz,60,61,96.7,95.7,90.6,14.0,9.8,55.2,22.2,170.5
21654304,Laura Ruiz,73,63,135.1,93.1,226.9,,6.7,71.4,28.6,221.6
73292404,Diego Martinez,80,63,97.4,92.8,125.7,47.1,9.6,94.3,21.9,276.1
68272527,Carlos Gomez,69,71,126.0,96.7,152.3,56.9,2.0,74.1,32.8,225.4
39370827,Valentina Martinez,73,98 bpm,114.7,101.1,180.5,68.2,8.6,77.1,24.3,261.8
13341861,Pedro Perez,58,75,105.1,96.2,187.0,20.5,3.2,82.1,32.7,249.6
23116915,Juan Gomez,67,89,125.2,101.1,339.8,,9.9,92.6,20.0,263.9
12615804,Luis Gomez,75,81,123.0,91.8,150.6,71.5,1.6,50.2,31.4,193.3
31089933,Sofia Gomez,78,88,151.7,95.2,130.8,32.0,5.2,83.8,25.5,244.6
46968086,Carlos Perez,67,41 bpm,110.6,94.5,335.8,19.0,7.9,71.0,25.0,222.5
66318065,Maria Garcia,69,71,141.6,76.2,172.2,42.8,4.3,77.5,32.2,231.7
80379073,Pedro Lopez,74,90 bpm,125.3,95.6,118.3,51.9,4.7,90.9,28.4,264.3
35381224,Carlos Gomez,71,68,110.1,97.0,100.8,12.2,9.9,57.1,22.1,191.6
21045633,Juan Perez,71,96 bpm,132.0,96.0,237.9,,4.3,59.8,31.6,193.6
97210744,Luis Florez,61,92 bpm,128.5,98.2,126.0,12.3,6.0,46.0,29.9,172.1
51765312,Laura Hernandez,50,69,120.5,95.8,176.4,39.4,0.5,66.8,34.2,250.8
64915906,Ana Hernandez,72,68,124.0,84.9,140.9,72.7,8.4,95.0,26.3,270.4
51672086,Sofia Gomez,66,62,111.0,87.7,107.7,78.8,6.5,,25.1,234.4
30989593,Laura Ruiz,66,67,107.6,96.1,163.6,54.6,4.0,54.9,32.9,186.5
39396163,Luis Martinez,78,60,131.4,92.0,95.0,21.3,0.2,67.7,39.1,230.9
77342646,Maria Garcia,75,80,116.6,85.8,132.7,73.4,5.9,52.7,28.9,197.3
33683333,Laura Gomez,68,57,118.8,94.2,153.3,46.1,0.1,58.1,30.7,210.4
66444322,Diego Garcia,68,82 bpm,124.2,95.6,135.8,20.8,0.0,80.8,33.9,226.6
31586325,Juan Martinez,67,82,124.0,92.9,200.5,74.5,6.2,57.4,28.8,208.5
61914894,Ana Rodriguez,65,55 bpm,98.6,97.9,230.8,,1.9,91.7,31.9,251.2
27503547,Valentina Rodriguez,74,93,139.3,96.7,208.0,61.2,1.9,73.9,35.2,219.4
42963684,Juan Martinez,65,81,121.8,93.0,93.2,59.6,6.5,76.3,28.3,245.4
78903155,Pedro Martinez,76,83,117.0,98.6,107.3,24.0,0.5,70.8,32.9,203.2
14952075,Diego Gomez,66,65,126.5,96.8,151.5,24.8,3.1,86.6,31.3,258.4
46432549,Sofia Hernandez,57,82,123.5,96.6,308.5,58.2,1.5,86.7,31.4,260.4
31258833,Maria Ruiz,72,88,131.5,95.6,234.1,25.4,5.8,80.0,27.7,226.8
22670380,Carlos Diaz,74,73,128.1,76.1,237.9,40.7,6.6,,25.9,232.9
34151842,Diego Perez,74,99,130.8,97.5,118.9,64.7,7.2,71.8,28.7,224.4
87540509,Pedro Florez,64,75,140.3,93.6,134.9,64.9,2.6,83.1,36.2,248.9
22774615,Juan Hernandez,76,88,133.3,105.8,140.9,41.7,0.9,69.9,31.1,222.6
15287913,Valentina Diaz,65,78,117.6,100.1,103.7,65.5,0.8,75.0,30.2,239.1
21476429,Ana Gomez,78,82,103.2,96.0,92.5,68.7,4.3,70.9,29.4,252.8
79913666,Maria Gomez,71,54,145.0,91.6,324.9,55.8,9.5,68.1,20.6,214.6
47711695,Luis Lopez,63,79,116.4,90.5,112.0,26.0,2.2,64.7,32.5,191.3
36779149,Pedro Diaz,71,66,112.9,93.1,111.9,29.2,2.6,82.0,33.4,255.4
89110216,Diego Rodriguez,45,64,93.9,94.8,97.0,32.0,1.0,94.7,36.8,287.2
53069838,Juan Rodriguez,58,95,125.1,92.4,301.1,18.2,6.1,92.6,28.1,264.7
84193473,Ana Ruiz,75,72,122.2,95.2,159.3,29.1,6.8,,26.5,187.9
42002177,Laura Ruiz,77,62,97.3,89.5,178.0,24.7,6.4,94.3,23.3,259.6
30892578,Carlos Ruiz,65,70,126.8,110.6,284.0,41.9,8.6,70.2,24.7,208.6
20091985,Ana Gomez,64,59,112.5,87.3,123.9,73.6,4.9,84.0,29.3,255.7
95138637,Sofia Martinez,60,92 bpm,160.4,105.0,167.7,17.3,1.3,61.4,34.7,191.8
39464339,Laura Ruiz,62,66,111.5,103.8,93.2,60.4,2.9,77.1,30.1,231.2
55275089,Ana Rodriguez,77,81 bpm,113.5,95.3,106.5,58.1,6.6,79.7,26.2,224.5
78599551,Diego Rodriguez,75,91,106.9,98.0,232.3,16.7,6.1,52.7,24.7,201.0
52866200,Diego Perez,55,68,139.2,94.3,206.5,,5.3,84.1,24.0,240.7
64388673,Maria Perez,76,81,114.4,96.5,124.5,49.8,6.8,95.2,24.6,265.4
42318232,Laura Rodriguez,68,62,109.1,93.1,127.8,35.5,6.4,72.4,24.2,228.9
55545724,Diego Martinez,52,104 bpm,130.6,92.5,151.0,63.0,8.8,95.4,25.1,248.3
88445365,Carlos Martinez,45,86,99.3,95.9,90.0,28.0,5.9,72.2,26.9,237.6
15272864,Carlos Lopez,67,72,129.4,95.0,112.1,58.5,7.8,87.7,24.6,250.9
80897827,Ana Ruiz,78,65,146.7,95.9,108.7,12.8,2.5,41.7,30.0,167.8
64206558,Sofia Hernandez,71,73,128.5,92.2,113.1,68.8,6.8,111.3,20.4,320.5
88649101,Juan Gomez,56,70,129.6,93.5,221.2,41.4,9.0,97.4,27.2,273.3
70980032,Carlos Rodriguez,65,98,133.1,86.1,116.2,54.6,3.9,70.7,28.4,223.8
63699693,Laura Hernandez,74,60,145.6,83.7,107.0,25.5,7.8,45.4,24.8,209.4
73607605,Laura Garcia,64,76,138.1,91.6,146.1,57.4,7.2,79.3,23.4,266.6
82294637,Laura Rodriguez,79,74,126.6,85.5,250.6,,0.6,53.3,36.2,197.8
89837564,Laura Ruiz,74,73,133.6,87.1,112.1,43.1,5.8,81.7,28.3,247.7
31609907,Maria Lopez,73,73,106.7,99.9,96.5,53.2,1.3,81.2,31.8,226.9
21021186,Carlos Gomez,69,73,131.6,82.2,125.3,41.9,9.7,60.9,22.6,209.1
75702370,Luis Rodriguez,62,85,104.9,96.9,200.2,72.6,8.1,91.8,28.6,254.7
64549381,Ana Rodriguez,68,82,114.5,92.0,154.0,44.9,1.1,87.1,33.5,253.4
53193996,Carlos Gomez,77,80,73.8,101.8,225.8,68.9,1.2,89.6,33.2,259.4
34362375,Luis Garcia,71,38,126.0,94.8,346.7,66.1,5.9,75.1,26.0,241.1
50733588,Juan Diaz,71,78,-45.0,92.5,215.9,38.7,3.4,53.8,27.1,204.2
36231747,Luis Ruiz,57,55,136.7,95.2,164.1,26.1,0.3,89.7,34.3,236.3
53663896,Carlos Lopez,69,82,125.9,93.7,144.4,38.4,5.4,70.9,29.2,212.3
69276366,Juan Gomez,55,92,136.9,95.7,93.3,67.8,3.9,54.2,32.5,193.0
85013292,Ana Lopez,62,63,103.7,87.6,422.4,25.9,1.0,95.3,29.3,258.7
88510011,Pedro Gomez,76,71,135.6,120.6,128.7,46.7,8.0,106.5,23.1,295.5
12322523,Juan Perez,72,67,151.6,94.2,103.2,,9.2,74.4,22.9,214.1
36379085,Diego Florez,76,89,131.5,93.2,177.9,34.7,7.6,107.4,25.9,275.7
14746771,Laura Florez,58,76 bpm,131.9,97.7,116.8,55.0,8.2,76.4,24.8,248.8
18640145,Juan Ruiz,75,95,-45.0,93.4,160.5,27.2,2.2,69.3,32.2,219.4
61173179,Sofia Perez,76,79,112.1,100.5,160.7,17.6,2.6,65.5,32.7,225.2
43065406,Laura Hernandez,68,77,131.4,94.5,137.2,65.6,2.1,99.6,30.7,267.2
77973509,Maria Florez,71,75,97.4,97.9,234.7,16.9,7.7,63.3,27.7,218.8
11428127,Maria Florez,59,84,113.7,87.3,114.6,29.0,9.5,86.0,24.5,245.6
85968554,Carlos Ruiz,65,54,999.0,100.9,137.6,69.9,7.2,66.6,25.8,229.9
47809281,Carlos Diaz,68,76,109.4,98.2,151.7,34.3,8.8,68.1,27.6,199.0
59223966,Laura Hernandez,65,74,999.0,90.7,177.2,78.1,6.4,90.5,30.4,250.2
18336900,Valentina Hernandez,75,83,127.6,88.8,212.6,78.6,3.9,69.3,32.2,228.4
28392993,Valentina Rodriguez,75,72,120.8,92.7,130.2,28.8,4.3,68.9,23.9,231.4
78082045,Maria Diaz,66,62,-45.0,110.2,173.1,12.9,0.8,92.0,37.3,280.4
28268849,Sofia Florez,75,75,91.7,91.7,103.1,59.4,0.3,99.0,36.2,262.6
42363575,Pedro Diaz,77,62,114.4,94.5,305.8,41.6,7.0,84.7,30.7,269.2
79170638,Ana Martinez,68,51,109.8,80.9,128.6,17.1,4.4,65.2,32.2,207.9
74119240,Carlos Ruiz,63,83,110.1,93.8,194.6,59.5,5.5,67.3,31.5,240.9
97746642,Juan Hernandez,62,81,999.0,95.8,91.6,12.2,5.6,,30.1,246.6
71910920,Maria Perez,75,80,107.1,106.8,108.4,70.9,2.8,79.8,34.4,226.0
84085474,Pedro Garcia,51,90,110.9,95.2,143.4,19.7,4.8,60.2,33.3,214.9
62097172,Juan Diaz,65,67,88.7,100.1,258.5,18.9,4.7,,29.8,248.0
16210715,Valentina Garcia,77,57,115.6,95.5,149.9,22.3,3.9,76.3,27.2,243.8
76088429,Valentina Florez,69,74,103.7,82.5,302.6,77.2,8.2,,24.5,190.5
41335282,Laura Gomez,73,70,121.2,92.7,142.9,58.5,4.5,61.1,30.4,207.0
30020303,Ana Florez,66,64,105.7,95.8,143.9,66.1,6.0,,27.9,241.7
27686927,Laura Garcia,52,74 bpm,121.6,106.6,100.2,37.8,9.0,73.9,21.8,229.4
50467715,Luis Gomez,77,67,117.8,101.3,219.8,33.5,8.7,103.3,21.3,287.4
45174147,Sofia Lopez,65,52,145.1,91.1,112.7,26.4,8.9,78.6,22.8,234.5
53570727,Luis Hernandez,68,69,127.5,90.9,273.9,,2.7,62.4,33.4,238.6
16314768,Ana Garcia,68,61,92.4,90.4,283.4,48.6,0.3,78.3,37.7,227.3
69680868,Ana Rodriguez,73,77,101.0,104.3,319.6,54.2,2.6,69.7,33.7,215.4
18815995,Pedro Ruiz,63,67,120.8,101.1,148.8,28.0,2.8,79.9,33.8,262.7
85173084,Ana Perez,71,88,106.1,99.0,180.4,76.4,9.1,83.7,23.9,238.9
28321829,Valentina Rodriguez,70,94,75.5,93.8,210.6,21.9,6.5,93.1,23.7,283.7
95183718,Carlos Ruiz,52,83,140.2,95.0,101.2,77.6,0.8,74.6,33.1,245.3
33912113,Juan Florez,75,56,130.8,94.6,163.5,11.0,1.4,99.6,32.9,267.1
34525886,Pedro Florez,54,93,127.8,91.6,92.8,43.7,1.6,88.6,32.1,225.7
56573028,Luis Florez,55,93,110.9,95.1,145.1,33.3,6.3,64.4,27.5,216.3
59839731,Luis Hernandez,74,75 bpm,126.4,81.0,103.5,41.4,7.4,108.1,27.1,283.7
62762173,Diego Lopez,77,90,109.4,88.3,106.2,49.9,8.6,79.9,26.4,257.4
40590972,Carlos Florez,70,68,123.1,102.4,126.3,40.5,9.4,62.5,23.2,237.5
55038050,Valentina Gomez,75,52,106.2,98.5,135.3,39.0,2.0,99.8,28.8,259.4
43843291,Maria Garcia,70,65,142.7,94.2,168.1,61.3,3.1,106.2,30.3,291.3
65339989,Diego Ruiz,64,95,96.4,95.2,96.2,58.0,2.4,74.5,32.2,243.2
74587277,Luis Gomez,66,57,138.5,93.5,146.0,68.3,3.6,67.4,33.1,237.3
98635846,Pedro Lopez,61,74,120.6,98.3,106.1,,9.1,72.4,22.9,236.1
73842020,Laura Hernandez,58,75,112.7,99.2,158.3,52.7,5.8,85.7,29.1,219.4
61877884,Juan Florez,59,68,122.5,98.7,171.2,51.0,7.4,94.2,26.7,258.9
92913877,Juan Lopez,75,69,131.0,97.9,155.1,35.9,4.9,83.6,29.2,228.0
57378941,Laura Diaz,70,75,140.5,90.5,197.2,44.0,0.3,76.5,36.5,231.7
52537345,Luis Gomez,79,68,124.7,93.0,122.7,32.0,0.6,97.5,32.9,280.9
47811773,Ana Lopez,70,57,106.6,94.7,205.9,19.9,5.4,70.3,27.4,230.0
64091482,Valentina Florez,74,77,120.8,92.9,135.4,25.0,7.2,90.5,26.4,272.9
62959636,Luis Hernandez,64,87,147.3,98.6,143.0,17.4,2.2,70.7,31.1,231.1
92430197,Ana Gomez,79,85,140.2,92.9,173.6,57.8,7.2,81.5,27.4,222.7
49031525,Luis Hernandez,66,65,133.6,88.6,91.5,,8.1,,23.8,192.1
52147406,Valentina Florez,70,59,131.9,93.9,174.9,76.5,4.1,74.2,30.5,233.5
94388500,Laura Lopez,69,71,130.5,111.1,167.1,61.1,7.5,69.3,25.8,220.8
54194441,Ana Perez,71,93,137.4,91.0,119.7,13.6,4.0,95.2,30.6,248.1
62010809,Ana Florez,70,82 bpm,113.2,96.3,97.2,71.9,6.8,64.0,25.9,190.5
19426807,Valentina Rodriguez,77,83,99.7,94.3,97.6,70.4,7.6,,25.2,204.8
27438118,Valentina Gomez,68,85,121.0,85.2,295.3,41.0,9.9,,23.3,277.3
57246348,Sofia Lopez,56,80,107.7,94.9,183.5,51.0,3.5,89.7,31.3,264.5
62058324,Ana Ruiz,73,76,104.2,97.6,100.9,78.3,4.1,39.2,30.1,181.7
28463212,Pedro Perez,73,82,109.2,95.1,125.3,47.3,1.7,66.5,36.4,243.9
40596308,Carlos Martinez,65,68 bpm,157.3,101.8,161.8,73.4,2.0,47.8,30.6,176.2
58774836,Sofia Perez,76,58,122.0,92.3,234.4,15.8,6.9,60.7,26.6,224.3
97132497,Juan Gomez,74,83,125.4,86.2,93.6,23.4,9.2,27.9,20.8,162.6
19091044,Carlos Rodriguez,69,89,101.7,105.3,111.6,40.9,3.9,72.9,31.0,239.8
58890527,Luis Rodriguez,64,61,92.3,93.6,266.4,50.9,1.8,57.9,30.6,200.3
92051235,Carlos Gomez,71,84,107.7,95.8,90.7,67.1,2.9,75.9,31.0,249.9
78660194,Sofia Florez,70,95,141.6,99.4,108.0,79.2,4.6,50.6,28.8,200.4
78080112,Maria Rodriguez,58,74,125.0,92.8,345.6,37.2,2.9,76.2,32.1,224.2
81766715,Maria Rodriguez,67,65 bpm,129.0,97.8,166.0,13.3,2.3,68.8,31.1,223.0
82487614,Pedro Gomez,59,76,131.1,88.5,114.3,66.1,7.4,97.5,25.0,262.7
12607411,Valentina Ruiz,70,68,111.1,92.3,95.5,52.3,0.1,96.2,37.8,271.6
78802303,Valentina Florez,74,67,140.8,88.8,92.3,23.9,5.4,86.8,29.1,232.5
28608310,Valentina Perez,77,80,110.5,99.9,112.5,44.6,7.9,70.1,24.4,224.7
93713817,Juan Diaz,66,55,141.1,91.0,260.6,62.0,2.7,104.8,31.3,283.1
19447933,Pedro Martinez,76,57,126.6,97.9,133.0,63.9,6.0,51.7,31.1,198.1
99809441,Valentina Lopez,74,75,93.2,105.9,191.9,45.0,6.7,53.9,26.5,221.1
62295219,Maria Ruiz,77,74,108.8,95.3,290.4,31.4,6.6,73.7,25.8,242.2
89916795,Ana Diaz,69,79,93.2,95.4,131.9,78.2,4.5,108.8,28.3,283.1
41216359,Luis Diaz,72,97,137.4,94.6,107.0,56.4,3.5,72.0,29.7,231.2
13815144,Ana Florez,63,76,119.6,92.9,148.2,38.6,8.4,72.3,23.8,232.8
97322332,Luis Diaz,67,82,86.6,94.8,281.0,29.6,7.6,53.4,23.3,206.1
93649971,Sofia Rodriguez,58,63,125.6,96.2,220.5,61.2,3.2,89.2,28.9,226.4
77925916,Carlos Rodriguez,75,84,111.9,112.9,95.4,27.0,1.0,89.3,32.1,249.4
84705449,Ana Perez,62,68,97.7,105.4,184.4,22.0,0.7,,35.3,228.0
26177172,Carlos Hernandez,64,75,145.2,101.4,157.9,47.1,0.9,65.6,33.1,237.5
90411177,Sofia Hernandez,65,73,121.6,102.5,280.4,30.3,5.8,64.4,27.6,215.7
83378188,Luis Gomez,76,87,115.6,94.7,100.5,54.0,0.5,55.6,36.9,200.5
44982512,Pedro Hernandez,70,59 bpm,114.0,96.9,151.1,18.3,3.4,76.3,33.5,247.8
86599400,Diego Rodriguez,62,47,97.3,102.8,259.3,55.8,7.5,58.8,25.4,214.5
46075711,Diego Gomez,71,72,100.4,93.8,132.2,29.8,2.9,57.3,30.2,189.1
34281104,Carlos Martinez,62,80,139.3,107.9,142.6,10.0,7.6,68.6,24.1,221.9
20488951,Diego Garcia,60,76 bpm,112.9,94.1,95.8,18.9,7.5,67.7,27.4,216.5
22485000,Juan Gomez,70,89,120.3,96.1,116.1,75.4,2.5,66.9,31.6,194.2
32897064,Ana Diaz,69,80,89.3,97.7,121.4,70.7,7.3,82.0,25.5,232.6
12726016,Juan Diaz,71,68 bpm,100.2,106.6,322.2,26.4,7.5,76.2,24.4,231.5
10442939,Pedro Martinez,77,47,129.1,91.4,116.6,64.5,4.0,70.7,28.7,224.3
69772463,Juan Florez,79,72,125.7,98.4,139.4,52.6,2.1,77.7,33.1,214.4
30060188,Luis Lopez,78,87,146.3,95.2,179.0,78.0,5.2,60.1,26.1,227.5
40822201,Juan Diaz,76,70,140.1,91.9,104.2,36.2,9.2,76.6,25.9,233.3
23135871,Ana Lopez,66,75,116.5,99.0,143.3,57.7,6.4,77.3,26.3,236.5
64254875,Ana Lopez,72,80,127.1,95.6,197.3,14.4,1.7,52.5,32.6,204.7
62404938,Pedro Diaz,68,62,115.3,96.9,251.3,37.7,6.8,89.9,24.1,243.1
23331233,Pedro Lopez,71,82,150.8,92.8,168.7,77.5,4.3,61.8,29.8,219.5
58743175,Valentina Florez,65,94,137.2,94.8,178.5,47.7,5.9,,27.2,229.0
96405050,Pedro Florez,74,72,122.5,96.3,100.8,30.2,7.3,92.5,26.1,245.3
64221525,Luis Rodriguez,78,61,123.0,93.9,323.2,,5.1,88.9,31.8,261.9
60120903,Pedro Perez,78,74,141.7,90.4,101.4,59.2,8.1,75.5,25.6,255.6
45281840,Diego Florez,74,48,128.7,107.8,209.2,,7.2,69.6,24.7,235.2
96687822,Valentina Gomez,55,79,143.4,95.1,114.6,36.2,6.2,89.2,26.2,267.7
71808528,Laura Hernandez,68,80,87.1,98.2,307.0,,1.5,85.1,34.4,239.9
27832891,Sofia Florez,79,95,999.0,94.0,191.8,11.6,8.4,65.7,27.6,194.6
66348502,Diego Perez,67,72,112.3,93.3,202.1,,9.4,,24.3,237.0
89061847,Valentina Perez,75,79 bpm,146.3,94.0,109.8,74.5,1.4,43.9,34.7,216.7
42038060,Luis Lopez,79,64,143.2,94.0,136.8,32.5,4.9,77.3,30.4,259.1
61296836,Laura Rodriguez,75,70,120.5,95.5,166.9,27.7,2.6,73.8,34.7,225.6
90246175,Sofia Gomez,47,56 bpm,143.0,95.5,207.6,47.4,7.5,92.0,22.0,240.7
93860395,Laura Martinez,63,72,146.7,95.0,98.8,67.7,7.2,80.4,27.7,224.6
62492736,Carlos Hernandez,76,71 bpm,999.0,88.4,352.4,17.2,1.4,95.0,35.3,237.3
34795222,Diego Martinez,76,78,157.1,95.0,266.7,76.0,8.8,64.5,21.8,215.2
81214087,Ana Garcia,60,67,119.5,89.6,115.2,65.7,1.8,92.1,31.1,282.2
54766028,Juan Garcia,65,76 bpm,116.8,88.1,228.4,22.7,8.0,67.1,23.7,218.5
39084871,Pedro Florez,77,70 bpm,133.0,105.0,148.4,59.8,4.6,86.7,28.1,254.5
21963776,Valentina Rodriguez,58,71,114.7,96.2,139.6,36.9,3.3,53.1,30.1,220.3
51164396,Pedro Rodriguez,63,75,121.3,96.9,120.2,38.2,1.6,78.5,33.6,231.7
99681330,Maria Florez,71,75,141.1,93.9,159.6,64.8,1.7,45.2,34.7,218.4
47609879,Ana Ruiz,72,84,120.3,103.5,194.7,77.4,6.6,71.0,29.2,256.4
59896930,Diego Hernandez,74,73,94.6,96.6,132.3,18.9,5.5,81.6,26.7,240.4
62005527,Carlos Rodriguez,75,70,125.5,98.9,169.4,39.4,1.2,67.2,31.8,212.1
28557968,Diego Gomez,76,72,109.6,93.5,186.1,43.7,1.1,59.2,36.3,219.3
91610372,Diego Ruiz,64,66,133.0,107.6,189.3,36.3,0.7,87.7,35.4,246.3
46847763,Carlos Garcia,68,70,130.4,100.1,94.3,35.4,7.4,73.4,26.2,212.8
90566548,Luis Garcia,76,99,142.1,101.2,247.1,13.7,7.1,67.7,27.4,240.7
64096103,Valentina Lopez,72,64,133.6,89.7,139.0,58.0,0.6,,34.2,251.7
50808249,Laura Lopez,72,71,136.4,91.9,114.4,40.5,5.6,114.6,29.3,294.2
75651053,Luis Martinez,74,70,110.0,92.2,112.1,23.6,0.8,92.3,33.3,239.5
35568906,Juan Rodriguez,53,72,132.1,91.9,142.8,67.1,9.0,92.4,24.7,240.2
18589747,Ana Diaz,72,71,149.5,101.2,264.3,66.2,9.1,81.5,21.1,243.9
30681938,Maria Diaz,65,78,109.7,81.2,128.0,,7.0,77.5,25.2,228.7
31992838,Carlos Gomez,71,54,147.0,85.6,200.8,30.9,9.3,,22.5,173.5
21135474,Luis Garcia,77,87,111.8,92.0,98.1,54.7,8.1,64.8,24.5,232.6
57637042,Laura Rodriguez,66,82,107.2,90.4,141.7,30.2,8.3,67.8,23.2,232.7
86705258,Pedro Diaz,55,60,124.4,91.2,473.2,26.5,5.7,46.9,27.1,211.0
35258425,Valentina Ruiz,65,47,130.7,99.5,207.7,61.1,3.1,57.6,28.3,191.6
29952900,Laura Ruiz,62,63,133.7,95.7,108.9,12.8,2.2,45.3,33.5,182.8
88881540,Luis Ruiz,58,72,105.6,72.7,145.7,16.6,3.3,74.4,30.9,243.0
27406301,Valentina Martinez,66,105,126.5,94.2,111.3,10.5,6.3,87.3,24.0,257.6
87457397,Valentina Ruiz,76,81,109.7,94.0,132.2,20.7,1.7,91.6,31.3,280.4
71730143,Valentina Perez,70,53,97.7,87.6,211.2,14.8,2.6,81.2,32.6,248.1
36683911,Luis Diaz,64,66,106.1,97.2,208.0,79.7,4.7,60.5,28.3,238.5
74623935,Ana Garcia,77,74,108.7,97.6,110.7,30.2,2.3,46.0,30.8,197.1
87510793,Carlos Diaz,71,78,127.8,97.9,294.3,20.4,5.9,48.6,27.8,208.9
99957925,Carlos Lopez,68,59 bpm,137.3,98.1,161.8,26.9,9.2,56.0,24.6,199.1
96404718,Ana Rodriguez,73,73 bpm,97.9,49.2,128.2,75.5,7.5,61.7,23.2,212.7
94489183,Laura Perez,78,66,125.3,106.9,145.8,46.4,6.7,72.6,28.1,242.6
72953839,Juan Lopez,63,61,102.3,99.9,164.3,35.5,5.8,,26.4,233.9
70966110,Diego Perez,68,78,129.4,103.3,155.7,71.1,4.9,80.1,29.1,251.1
15303943,Valentina Ruiz,67,84,110.7,77.7,143.3,37.6,1.9,71.5,32.7,226.0
92562815,Maria Lopez,67,85,104.2,105.1,146.2,33.5,8.9,75.2,23.2,253.4
49051623,Pedro Ruiz,74,81,132.0,99.8,105.5,24.5,2.5,92.1,30.0,225.3
41099208,Carlos Garcia,66,69,111.2,100.6,224.0,36.4,0.9,57.3,33.3,184.6
39805505,Carlos Perez,69,83,115.3,86.6,152.4,32.2,7.5,81.3,29.3,252.1
57675854,Carlos Lopez,61,78,86.7,98.2,101.2,57.4,1.8,74.8,30.2,232.4
88113713,Valentina Diaz,58,76,134.2,107.6,206.2,30.3,3.7,70.0,33.9,234.1
54786626,Laura Gomez,61,67,-45.0,97.2,305.6,50.4,0.3,88.3,34.1,253.4
33250723,Carlos Perez,69,69,120.1,95.8,325.5,14.6,1.4,88.2,33.4,260.8
56013251,Diego Rodriguez,76,75,97.1,106.1,126.8,23.4,1.7,,30.7,199.0
39009512,Carlos Lopez,68,104,-45.0,94.4,101.6,38.5,0.5,72.3,32.8,237.0
91193128,Pedro Garcia,63,78,110.0,96.1,148.5,75.6,6.6,79.2,26.1,253.7
50824950,Carlos Lopez,71,67,113.2,94.8,99.6,,8.4,70.9,22.9,244.7
55961405,Luis Garcia,66,65,154.7,105.0,307.4,56.5,3.7,83.8,30.1,275.9
99398014,Juan Lopez,72,69,109.4,85.6,106.2,27.9,8.7,79.2,23.7,242.5
51727753,Pedro Lopez,57,101,131.1,95.0,113.3,18.9,2.1,102.5,36.1,277.8
85008148,Luis Lopez,68,70,128.4,97.3,131.8,14.1,3.3,52.0,28.8,175.2
11003171,Valentina Florez,75,85,125.9,99.4,128.7,31.4,1.5,73.2,33.4,221.8
59701515,Juan Gomez,74,70,124.2,95.9,216.6,21.0,6.2,61.4,28.0,209.2
33992154,Luis Diaz,76,78 bpm,125.6,103.5,138.8,22.2,4.2,84.1,27.8,261.8
58190951,Carlos Rodriguez,64,84,124.1,105.8,105.0,63.3,6.1,50.7,29.0,186.9
96786817,Ana Gomez,78,68,119.2,84.7,114.9,11.1,7.6,80.2,25.1,252.2
44924917,Carlos Ruiz,55,67,142.7,93.9,146.9,49.0,5.5,65.5,23.5,218.3
84154764,Maria Ruiz,69,94,100.3,79.7,102.8,36.6,6.3,,28.8,213.3
95567156,Pedro Florez,68,86,135.3,92.9,165.7,45.5,9.4,53.3,21.5,203.7
70332191,Valentina Perez,64,84,132.3,95.4,156.7,49.4,3.0,68.0,29.3,216.2
99198479,Laura Garcia,73,84,130.5,103.6,190.3,31.9,3.6,91.3,32.1,250.5
10981883,Juan Perez,59,80,136.8,100.9,312.1,30.7,7.2,74.6,25.7,206.4
11668321,Carlos Garcia,74,99,118.6,88.2,284.7,61.3,6.1,84.4,29.5,242.9
23296138,Luis Diaz,75,75,92.0,86.6,323.6,71.0,1.8,100.0,35.3,262.8
63625353,Carlos Hernandez,68,81,118.9,96.0,112.5,23.5,3.8,79.0,29.2,230.7
83263376,Luis Lopez,59,57,105.1,95.3,101.3,16.8,4.7,,31.0,226.2
30536721,Maria Rodriguez,58,65,109.0,91.9,118.8,,4.2,82.0,28.5,252.9
35192630,Pedro Garcia,61,60,101.4,103.0,270.4,34.5,1.8,66.8,37.3,223.7
15418952,Maria Garcia,72,90 bpm,112.8,104.6,376.2,48.6,9.2,67.4,22.5,236.1
14264423,Maria Perez,72,44,999.0,93.9,246.9,35.2,7.6,52.2,27.9,206.9
90925517,Maria Rodriguez,69,70,84.3,102.6,99.3,18.8,4.8,88.9,30.9,248.9
18181883,Maria Martinez,62,39,130.5,93.7,325.6,51.3,6.8,69.2,27.5,216.9
68638329,Diego Garcia,47,65,153.3,98.2,134.0,46.8,9.0,77.7,22.9,241.3
92418648,Carlos Ruiz,55,69,129.1,94.8,90.7,24.2,1.4,59.5,33.1,217.8
41927921,Pedro Florez,67,91,117.0,88.0,136.7,41.6,2.5,,27.7,263.3
33948053,Juan Gomez,65,79,-45.0,104.7,93.8,65.8,5.4,,28.9,233.2
94749483,Luis Martinez,79,65,113.7,94.5,152.8,51.3,8.0,72.9,26.1,221.2
52822943,Valentina Ruiz,64,87,121.4,98.2,123.1,16.8,0.4,88.2,34.8,250.7
61217069,Carlos Florez,73,75,119.4,93.5,141.3,48.4,9.8,86.9,17.2,260.4
64610032,Carlos Martinez,75,75,107.4,78.6,166.0,59.2,4.5,74.7,27.0,248.0
99381751,Sofia Lopez,73,60,145.2,87.0,252.5,65.5,3.6,48.5,29.2,206.8
30000738,Maria Garcia,72,63 bpm,97.7,95.0,176.8,54.0,2.9,119.9,32.1,298.9
75304697,Luis Perez,71,65,130.8,97.4,135.5,20.7,1.7,101.2,33.5,253.0
24804511,Juan Diaz,73,75,118.5,93.0,226.9,59.7,7.9,85.8,25.2,233.8
28994397,Pedro Hernandez,70,75,148.5,97.5,278.8,57.4,9.6,63.7,24.8,219.6
85677302,Laura Ruiz,75,93,125.1,97.5,100.2,11.7,4.1,73.3,28.0,235.1
28333734,Ana Ruiz,75,79,114.6,97.6,150.7,38.8,9.5,66.8,24.8,203.8
21872752,Ana Ruiz,73,42,116.3,94.9,116.8,33.3,8.2,94.0,26.1,261.6
46213515,Diego Rodriguez,74,78 bpm,120.6,103.9,93.9,56.9,4.8,78.9,30.0,247.9
64445288,Juan Perez,75,57,102.9,94.9,178.3,25.1,6.7,63.2,26.5,197.6
64832046,Valentina Rodriguez,67,63,108.5,94.5,248.9,51.4,4.3,67.9,33.4,238.5
19625105,Juan Lopez,76,65 bpm,93.2,90.4,104.2,73.9,5.6,91.8,29.3,252.1
57548564,Luis Perez,70,67,106.2,92.6,223.9,65.8,0.6,,32.4,287.4
31654924,Valentina Garcia,77,58 bpm,121.4,82.7,243.6,74.5,7.0,97.9,27.1,258.9
19935869,Luis Garcia,77,77,124.5,96.6,286.6,78.5,0.5,86.4,35.9,234.1
51434749,Carlos Lopez,73,58,90.3,91.5,114.7,10.7,8.2,71.2,24.0,219.9
51835879,Diego Florez,76,79,117.9,92.5,277.4,53.6,8.2,26.4,27.3,158.1
42469247,Maria Gomez,64,101 bpm,128.5,98.9,120.9,38.9,2.4,79.5,32.9,233.4
69171413,Valentina Diaz,74,59,117.6,92.9,154.3,70.2,3.2,75.0,26.4,229.2
23689493,Valentina Diaz,70,71,110.5,91.4,94.1,27.6,4.8,77.1,29.8,240.7
78374762,Diego Garcia,64,44,113.8,89.6,93.6,78.7,6.0,75.8,27.0,231.1
93027288,Sofia Gomez,78,71,111.9,99.0,191.9,53.0,2.9,55.1,32.6,201.7
45674971,Valentina Martinez,69,82,110.4,88.3,137.0,65.5,5.9,83.4,29.8,219.4
61212060,Carlos Ruiz,69,83,122.6,94.5,113.7,16.0,3.0,84.5,31.8,252.6
49501580,Carlos Rodriguez,75,75,154.6,95.1,106.9,22.8,0.6,85.2,37.7,246.5
46785617,Ana Ruiz,61,85 bpm,108.8,97.3,178.7,63.1,0.0,89.2,34.6,278.0
70961537,Laura Florez,68,105,115.2,96.6,90.0,11.5,1.0,84.1,35.0,232.0
38899868,Pedro Ruiz,75,95,119.2,99.9,221.1,67.2,7.9,68.8,27.1,196.1
41052238,Maria Florez,77,68,109.7,82.9,96.6,11.0,9.6,73.9,23.3,240.2
32700314,Sofia Rodriguez,70,57,136.5,92.4,107.0,56.0,4.3,76.4,31.4,239.7
94370894,Pedro Rodriguez,79,70 bpm,84.4,92.1,129.1,35.6,5.1,76.6,27.7,219.8
35137138,Pedro Perez,68,63,112.0,88.8,143.1,52.8,1.5,90.0,32.4,232.0
70350924,Valentina Garcia,71,80,132.3,92.3,125.1,58.7,5.5,84.7,25.8,270.0
40779669,Juan Rodriguez,73,60,115.6,92.6,120.9,34.0,1.4,,33.7,300.5
57189674,Diego Hernandez,62,74,107.7,95.2,355.8,17.6,6.1,108.1,28.3,244.8
45154340,Luis Florez,74,85 bpm,126.6,97.0,172.1,14.9,9.3,76.2,26.2,227.4
45908279,Pedro Diaz,68,73,133.6,93.6,91.9,51.2,2.0,17.5,34.2,171.1
88127618,Carlos Hernandez,73,63,123.2,97.9,135.0,46.4,7.6,93.6,25.3,253.2
80001342,Laura Florez,65,89,108.0,93.0,256.4,62.0,0.2,66.9,32.4,213.0
62315765,Diego Gomez,77,52,126.8,92.3,118.7,45.7,3.8,63.0,31.4,210.2
20831890,Ana Diaz,77,71,114.0,95.4,97.9,,1.1,69.0,35.9,206.7
15949852,Ana Florez,64,74 bpm,131.2,79.8,203.6,,3.5,68.3,32.3,196.9
10029725,Juan Diaz,66,75,142.2,85.8,164.5,11.9,1.7,84.2,35.1,262.1
73019115,Maria Martinez,70,77,80.9,94.1,157.6,33.5,3.7,51.6,30.1,169.8
58495982,Laura Perez,52,82,121.7,105.9,94.4,78.3,4.2,58.8,29.1,212.0
19184536,Sofia Ruiz,78,74,94.0,97.9,102.1,71.1,3.0,80.1,29.9,253.5
57766655,Carlos Rodriguez,72,70,156.6,86.3,167.9,33.1,6.6,84.3,27.0,224.7
26413806,Valentina Diaz,67,70 bpm,113.0,100.9,108.6,51.1,9.2,84.6,23.8,233.1
29748999,Luis Garcia,59,67,131.2,98.1,146.1,69.3,4.0,63.2,30.6,233.0
50078991,Ana Florez,66,84,119.5,96.3,153.0,40.9,1.9,60.3,32.4,218.5
43121540,Maria Ruiz,63,67 bpm,108.0,100.1,116.7,11.3,2.7,67.4,31.5,211.8
37705858,Laura Lopez,67,85,106.2,93.9,327.2,15.2,8.5,78.6,23.2,255.9
33313511,Diego Gomez,62,75,143.8,90.9,237.8,45.7,5.7,97.3,30.0,284.0
37719138,Luis Garcia,78,68,134.3,95.1,192.5,77.9,4.6,44.3,29.7,190.5
30686655,Luis Garcia,70,82,149.2,95.5,96.5,58.5,1.5,71.7,32.9,214.0
90835433,Laura Hernandez,77,66,120.8,95.4,99.0,15.0,4.5,55.0,28.1,196.3
15627745,Ana Ruiz,58,82,124.3,95.7,144.3,23.3,2.8,50.2,29.0,199.6
81020010,Pedro Diaz,74,77,116.0,106.4,104.0,64.0,9.4,89.5,26.3,251.4
71509503,Pedro Rodriguez,70,67,115.7,103.2,396.3,,8.8,83.2,25.5,258.8
21245869,Juan Ruiz,55,81 bpm,104.4,102.0,103.8,53.2,0.8,81.7,30.7,219.7
12253722,Luis Martinez,76,81,121.3,99.6,143.5,55.1,5.2,88.8,30.3,230.8
11649729,Sofia Garcia,69,88,108.2,105.9,126.2,12.0,2.3,,34.1,224.4
59970088,Maria Martinez,77,86,126.6,86.9,171.6,68.0,4.1,68.5,30.3,215.4
11116271,Ana Garcia,70,80,122.6,91.8,101.1,65.2,8.8,107.8,27.7,272.3
20916876,Laura Gomez,75,61,124.3,95.0,135.0,28.1,5.3,71.3,29.1,200.4
41978888,Sofia Garcia,72,104,145.1,100.9,115.7,59.6,3.3,86.0,28.2,249.3
32461013,Juan Diaz,67,58,119.4,95.1,265.0,25.0,2.1,75.1,33.2,231.9
28458857,Maria Ruiz,61,86,131.4,98.4,93.3,12.8,8.0,47.3,25.9,200.7
57204953,Valentina Rodriguez,77,80,150.8,88.6,286.0,24.1,6.2,44.3,26.3,187.5
27443381,Luis Garcia,66,60,139.6,91.6,233.2,22.5,4.7,66.3,30.5,217.5
96674443,Valentina Garcia,76,73,137.3,98.1,118.3,33.6,2.2,90.8,29.1,273.9
57380429,Ana Rodriguez,69,74,115.4,89.4,214.6,39.3,3.3,,33.0,230.5
74341005,Ana Gomez,60,90,123.4,93.2,92.5,45.6,9.6,88.7,21.7,261.1
98362401,Ana Gomez,71,66,100.2,91.8,362.6,43.4,5.2,60.2,26.8,185.2
47264820,Carlos Florez,60,71,127.5,93.2,149.8,28.9,4.0,99.2,30.0,256.3
71983306,Laura Lopez,62,46,124.1,97.7,118.9,12.0,5.2,60.5,29.6,192.6
36906511,Ana Rodriguez,75,95,120.4,93.5,126.0,52.4,7.8,78.2,26.0,249.0
16739013,Carlos Garcia,71,62,135.4,95.6,95.5,,3.4,74.8,29.4,231.3
17089975,Maria Ruiz,70,78,101.9,86.9,453.4,30.9,1.8,,31.8,228.4
18805586,Valentina Lopez,75,73,144.5,99.7,93.2,70.7,5.8,95.1,25.7,246.0
54564078,Pedro Florez,73,73,999.0,93.5,175.1,62.3,6.7,64.4,26.6,212.1
57719804,Maria Ruiz,73,84,118.9,96.8,136.8,70.0,7.1,54.8,28.6,190.7
88877827,Maria Martinez,60,95,117.8,98.0,327.9,44.6,8.8,,24.4,238.7
24263315,Carlos Lopez,50,78,127.2,90.7,112.6,19.2,3.7,69.0,32.3,208.6
58085527,Diego Gomez,62,82,142.8,102.3,150.8,58.7,0.8,125.7,37.0,328.4
65073945,Diego Ruiz,62,78,121.5,96.3,142.7,24.4,9.6,85.1,22.3,222.6
80977316,Laura Hernandez,71,87,122.2,94.2,187.1,40.9,4.4,68.9,29.4,211.2
39171429,Juan Gomez,47,69,120.3,90.0,95.6,14.6,6.2,59.2,31.9,233.9
37366868,Luis Perez,59,87,146.7,105.8,107.2,67.8,6.7,46.8,29.9,183.7
18074037,Luis Ruiz,70,88,114.5,98.6,109.3,18.8,5.5,59.6,25.1,189.7
44867175,Diego Perez,65,87,119.6,90.6,197.2,73.2,2.1,76.7,33.3,238.4
23822356,Juan Rodriguez,71,67,142.0,93.0,106.8,70.5,7.6,,25.9,257.5
55677485,Carlos Ruiz,79,72,122.2,99.8,158.2,42.5,8.0,91.8,27.0,245.2
60435843,Laura Ruiz,67,77,137.1,97.5,109.4,62.1,5.5,78.4,26.9,221.2
65608376,Diego Lopez,74,58,106.3,98.8,248.2,53.4,4.9,70.2,27.5,266.8
64432684,Juan Lopez,70,94,116.9,94.4,318.0,,1.1,79.0,32.3,234.8
62496899,Luis Lopez,71,74,142.3,97.8,148.5,40.2,0.8,67.2,32.8,191.9
53420892,Juan Florez,61,78,109.9,93.7,124.7,65.0,3.4,100.8,32.6,293.6
84412557,Ana Diaz,61,68,117.7,90.7,111.3,42.4,3.1,72.2,28.9,237.4
29992066,Valentina Diaz,69,59,123.9,96.5,94.1,75.9,9.5,73.7,22.3,219.1
20108631,Maria Ruiz,66,67,105.2,110.2,115.0,44.0,7.8,41.8,22.0,168.6
54613348,Sofia Hernandez,49,77,113.8,92.6,175.0,42.4,6.6,72.1,29.1,238.2
85092303,Sofia Rodriguez,66,83,121.7,94.6,151.0,65.0,5.2,87.5,31.3,247.6
38727993,Laura Gomez,69,76,120.7,97.1,320.7,67.5,1.7,59.0,32.3,179.6
76329075,Pedro Gomez,64,79,139.2,95.4,130.4,,9.8,63.7,22.7,242.4
51822973,Diego Gomez,62,70 bpm,143.1,100.8,184.7,22.6,3.8,86.9,31.4,243.8
86655127,Carlos Hernandez,77,80,107.2,98.7,143.8,42.7,1.1,52.9,36.7,221.7
96835361,Maria Lopez,58,92,121.7,84.3,147.5,77.8,4.9,,29.9,275.5
34133277,Sofia Ruiz,71,83,130.1,123.8,114.9,62.7,8.7,67.0,23.1,205.5
46059026,Juan Hernandez,72,84,142.7,98.5,138.6,66.8,8.9,69.2,21.1,239.3
95129374,Juan Garcia,55,78,130.8,101.5,140.9,12.3,0.1,58.1,32.6,197.4
63899323,Laura Rodriguez,55,56,124.4,96.8,188.1,42.8,8.9,80.7,24.5,213.0
51266066,Pedro Rodriguez,54,62,130.0,101.2,315.9,55.3,2.7,111.9,30.4,281.5
59351998,Sofia Florez,40,80 bpm,130.1,87.5,122.0,68.1,0.4,86.7,34.9,256.0
72527341,Ana Gomez,53,74,106.1,93.2,93.4,13.4,8.5,62.0,23.7,206.1
43997463,Ana Hernandez,62,80 bpm,122.9,102.0,144.9,69.7,8.6,92.0,22.5,253.4
25663645,Ana Garcia,75,95,141.9,90.5,152.9,48.4,6.0,70.2,25.5,242.5
66775993,Diego Gomez,66,83,116.9,85.7,104.8,23.8,5.7,95.6,31.2,265.0
96676453,Luis Hernandez,63,90,121.9,99.3,204.3,32.2,8.1,87.1,27.0,238.0
41632286,Carlos Martinez,68,76,116.4,100.6,425.6,29.7,7.9,30.9,29.0,176.8
64248291,Laura Perez,74,65,85.3,89.4,323.2,47.2,8.9,59.9,25.4,212.9
84170047,Valentina Lopez,65,74 bpm,120.3,101.2,107.6,13.6,5.5,89.2,27.5,215.9
97173138,Valentina Gomez,47,65,124.5,97.3,256.6,21.1,9.7,77.3,26.0,242.3
21592111,Laura Garcia,58,93,112.3,95.2,187.5,,10.0,59.6,23.0,215.3
77399862,Ana Ruiz,72,84,102.7,100.4,138.4,19.3,1.2,65.5,34.0,218.5
81964784,Ana Ruiz,62,81,106.8,94.1,152.2,26.3,8.5,46.4,24.7,203.0
83476576,Sofia Lopez,68,89 bpm,131.5,90.3,241.6,41.7,5.0,,23.1,220.4
17997043,Ana Perez,77,50,149.6,92.2,142.3,46.2,3.9,108.2,33.6,287.3
10181360,Juan Rodriguez,60,82,140.7,95.1,127.4,63.5,6.1,87.1,28.6,227.1
29221242,Ana Martinez,73,59,99.8,95.3,144.4,41.3,0.6,107.9,35.0,287.9
96401499,Valentina Lopez,69,74,-45.0,99.7,159.2,65.3,5.1,88.2,28.8,281.6
82641274,Ana Florez,65,71,110.1,99.4,106.8,53.3,8.7,90.4,24.9,240.7
81247150,Sofia Garcia,70,82,111.3,95.9,274.9,17.9,2.1,,31.2,265.5
73848248,Laura Ruiz,71,77,113.1,99.1,179.7,20.9,4.3,80.7,31.1,230.3
88140533,Pedro Florez,68,91,130.6,90.2,170.3,40.6,9.4,72.2,21.1,230.2
85441964,Valentina Ruiz,68,67,134.4,83.5,98.4,37.8,4.3,90.5,30.2,239.8
84002592,Maria Diaz,65,83,118.5,101.9,164.1,62.0,3.6,96.8,31.8,271.5
74416144,Carlos Ruiz,70,76 bpm,118.8,85.6,100.3,50.7,4.4,67.8,29.3,234.4
63915845,Ana Martinez,66,55,127.0,91.5,96.6,37.2,5.2,64.2,29.5,224.3
58006403,Luis Ruiz,51,63,128.5,97.5,149.9,22.0,6.3,77.1,25.4,209.1
28904815,Luis Ruiz,76,73,137.6,94.0,131.2,25.9,8.0,87.5,23.5,266.1
25697605,Valentina Gomez,56,88,100.7,102.0,161.1,50.3,4.5,87.0,30.0,264.5
47937226,Valentina Diaz,76,80,120.3,92.4,97.5,39.6,8.2,53.6,26.5,212.9
50253576,Laura Rodriguez,67,60 bpm,104.0,76.3,135.1,46.0,5.3,103.7,24.8,281.1
65030361,Sofia Diaz,70,73,119.2,92.5,105.4,21.9,3.4,,32.0,221.4
76298692,Laura Hernandez,74,99,116.6,95.8,438.0,56.4,6.6,71.0,26.0,242.0
23099507,Carlos Lopez,76,76,119.3,93.6,155.9,69.7,7.2,61.5,26.0,241.0
89394364,Luis Florez,77,71,108.0,95.4,183.0,28.1,5.6,,25.6,278.9
56801033,Ana Garcia,70,80,97.7,102.0,121.5,44.4,0.6,78.6,32.6,254.1
48844162,Pedro Diaz,65,84,88.6,103.7,98.0,78.3,1.7,62.2,34.9,212.1
64769258,Carlos Garcia,61,69,118.0,91.8,387.9,33.3,2.9,88.0,31.6,250.0
92450685,Pedro Rodriguez,73,81 bpm,113.5,94.6,117.0,51.7,2.8,86.5,30.8,226.8
53682501,Sofia Lopez,72,71,109.9,95.5,134.1,16.3,6.7,72.2,26.7,224.0
87647696,Diego Lopez,67,83,139.8,106.4,174.0,52.4,0.2,87.6,35.8,236.5
85057004,Diego Florez,72,77,107.1,124.5,92.0,16.3,7.6,62.6,26.8,207.0
15720626,Ana Diaz,67,80 bpm,141.3,91.2,223.0,77.1,2.7,67.6,31.7,204.9
23654772,Luis Florez,70,65,144.4,98.0,151.5,60.1,3.1,44.8,33.5,180.5
49929257,Diego Rodriguez,71,65,90.7,93.6,116.1,65.2,5.3,55.1,30.6,196.6
48560290,Ana Diaz,63,86,121.4,74.4,95.1,59.3,2.2,,33.2,274.6
39168537,Valentina Garcia,66,74,114.0,75.1,104.2,51.3,8.8,99.6,24.5,245.2
18221252,Maria Hernandez,76,78,76.3,94.6,270.3,41.5,0.9,76.0,35.3,212.3
62209619,Maria Perez,64,71,98.3,94.9,182.7,70.1,4.4,99.9,30.3,275.3
98849481,Carlos Rodriguez,71,85,131.6,79.5,113.0,77.0,8.5,72.6,26.9,216.9
71069572,Laura Ruiz,56,67,150.3,97.3,95.4,44.9,6.2,,29.4,243.1
89538531,Diego Hernandez,74,73,133.5,92.3,183.9,,2.9,75.8,29.5,237.2
46421189,Ana Garcia,73,84,124.9,95.6,158.0,50.8,4.2,73.1,27.8,238.8
36502745,Luis Ruiz,73,89,119.7,92.5,131.5,47.7,7.1,71.8,25.1,248.8
87745411,Carlos Gomez,77,68,145.2,89.5,126.2,41.8,9.7,,25.3,253.6
89852157,Laura Florez,64,98,152.2,94.0,109.6,24.7,8.9,77.3,21.1,227.3
49467750,Maria Lopez,70,78,111.2,91.2,178.6,10.3,3.4,85.7,31.7,261.6
23487010,Carlos Hernandez,68,62,90.0,95.4,372.3,26.9,10.0,90.5,23.7,263.3
56206264,Carlos Martinez,52,79,88.5,90.4,105.5,45.7,0.0,80.8,37.3,238.4
40190179,Diego Gomez,72,70,139.8,95.1,162.7,36.6,0.3,60.4,35.0,231.5
76627397,Ana Garcia,52,80,119.3,89.2,134.2,41.4,8.2,54.7,22.4,198.9
21416757,Laura Ruiz,69,74,122.7,97.1,137.3,78.6,2.0,77.2,30.7,236.3
37804333,Carlos Hernandez,72,75,93.1,98.5,113.5,34.5,0.6,72.4,31.9,229.0
80760251,Carlos Hernandez,60,64,108.7,87.4,229.5,,2.4,76.3,31.1,220.4
37270507,Juan Ruiz,76,86,115.6,94.7,143.1,19.3,4.3,74.8,29.5,233.3
54470459,Juan Gomez,75,61,123.1,85.2,152.7,13.4,7.3,113.8,23.9,311.6
15905950,Sofia Rodriguez,64,61,114.0,96.1,119.1,64.3,6.2,55.0,30.4,209.2
80321747,Maria Gomez,55,79,104.4,91.8,106.1,49.9,2.4,45.2,29.5,188.2
13028631,Juan Perez,73,94,108.2,95.3,97.2,63.2,5.0,80.0,31.7,237.6
24218200,Maria Garcia,75,70,999.0,95.2,190.2,20.5,9.3,69.4,26.3,229.0
92096675,Carlos Perez,68,83,123.7,104.4,107.5,50.0,8.2,79.7,27.0,250.9
67563860,Laura Rodriguez,67,87,129.2,95.5,183.7,27.8,3.2,83.8,29.7,254.8
37736989,Ana Gomez,69,84,106.5,95.9,129.6,26.0,9.8,94.3,23.9,256.4
16423959,Sofia Hernandez,59,71,75.7,93.9,133.0,,7.1,52.4,23.9,203.5
67315945,Pedro Rodriguez,73,61,112.2,106.4,140.7,,0.6,,36.1,227.2
14024733,Valentina Florez,58,48,107.0,99.0,126.7,31.6,0.4,81.4,34.4,227.0
31636437,Juan Perez,64,71,125.2,92.2,98.5,18.2,1.7,86.6,32.2,252.4
60275547,Carlos Hernandez,59,89,169.3,100.8,119.6,79.0,7.3,107.9,23.8,249.4
10019675,Pedro Perez,74,61,130.4,94.3,177.2,31.6,1.8,,27.8,261.2
35239821,Pedro Ruiz,68,83,161.0,100.4,177.7,19.1,5.1,74.1,26.8,241.1
36133385,Carlos Diaz,67,63,128.5,100.2,117.0,23.9,0.9,,36.1,223.7
50365237,Pedro Rodriguez,59,76,110.6,90.1,139.3,51.1,9.2,66.5,23.1,213.9
62569705,Sofia Hernandez,70,83,125.2,97.6,107.2,14.5,3.4,66.1,30.5,223.8
14464344,Sofia Garcia,66,67,146.7,92.3,108.9,70.4,9.1,84.8,25.4,268.6
87906501,Diego Lopez,77,77,147.4,92.4,91.9,77.3,9.4,78.9,27.3,259.5
22310059,Juan Rodriguez,62,70,111.4,92.4,271.6,27.3,0.1,,37.6,202.3
10566088,Carlos Ruiz,67,83,123.8,98.0,108.9,41.5,4.6,68.5,27.5,224.8
90836396,Maria Rodriguez,59,77,98.6,91.1,110.7,11.5,0.2,88.2,30.8,268.9
50113379,Sofia Ruiz,75,75 bpm,132.4,63.4,116.2,,9.1,80.3,28.8,217.9
20151607,Ana Martinez,73,93,143.3,97.8,100.9,39.0,5.2,83.5,33.3,240.4
75500778,Luis Garcia,77,82,120.6,89.6,171.6,28.9,0.7,80.7,34.5,261.1
10658003,Luis Hernandez,75,66,110.0,87.2,96.2,24.5,1.1,99.4,31.1,283.7
10805113,Maria Hernandez,68,73,125.4,91.3,101.5,55.8,3.8,78.5,32.3,243.3
71183416,Valentina Hernandez,75,74,126.3,93.6,172.8,39.1,9.4,69.2,23.5,201.2
19322004,Carlos Hernandez,64,75,121.2,94.8,123.2,22.6,6.9,61.3,26.5,211.1
15028035,Luis Rodriguez,53,105 bpm,122.7,82.9,188.5,58.2,8.7,,26.4,229.3
21551409,Juan Martinez,75,79,117.4,109.2,155.2,49.6,3.7,38.4,31.3,182.5
30811680,Maria Perez,69,50 bpm,134.9,97.8,113.7,70.1,0.4,72.2,32.1,216.2
25433222,Carlos Lopez,70,68,131.0,92.8,174.2,18.2,9.7,71.9,22.7,212.5
87456782,Ana Florez,63,51,105.3,92.7,99.9,65.0,0.2,54.5,36.1,170.8
68835615,Maria Rodriguez,74,71,104.8,94.5,151.5,57.1,9.5,,24.6,229.9
42382711,Pedro Hernandez,71,51,116.2,96.5,136.0,18.1,3.7,87.1,31.1,244.7
83317578,Ana Lopez,73,64,131.1,88.9,114.9,58.6,0.1,78.5,36.7,240.0
22834263,Luis Garcia,66,56,122.2,90.1,164.1,40.9,6.9,76.5,26.0,234.8
40647215,Diego Perez,60,79,110.4,101.3,254.0,76.1,9.8,79.6,23.6,223.4
89232916,Luis Rodriguez,52,75,123.9,91.7,635.3,19.9,9.7,76.4,16.7,215.7
76006681,Ana Florez,60,78,115.0,93.6,164.9,55.0,1.6,93.6,32.2,245.4
63873131,Laura Ruiz,73,73,133.2,101.8,131.5,36.7,1.8,76.9,34.4,224.4
37758455,Carlos Florez,79,58 bpm,125.0,97.0,110.4,77.0,5.7,53.1,27.4,205.2
53627391,Sofia Hernandez,58,81,-45.0,93.1,113.8,33.1,6.4,99.5,26.4,257.2
61844408,Carlos Perez,77,98,123.5,97.3,142.2,77.4,7.4,80.6,24.0,267.0
63889337,Juan Gomez,75,79,139.7,78.8,126.6,73.1,1.8,66.2,34.8,234.6
56389268,Diego Ruiz,52,69,111.5,98.2,286.1,28.9,9.6,56.2,24.6,216.4
38046417,Maria Diaz,75,57,126.0,94.9,126.7,66.2,6.4,80.9,29.0,239.6
95749316,Pedro Diaz,73,64,118.9,99.9,127.4,,8.5,73.2,21.4,252.6
37512406,Laura Garcia,71,80,126.4,107.0,128.7,27.7,5.4,98.6,28.2,264.6
55516505,Ana Florez,67,87,110.2,104.5,234.9,40.6,4.1,69.8,29.5,224.2
25851428,Valentina Perez,60,78,121.7,103.5,174.2,46.4,9.8,62.4,22.7,216.2
22155863,Pedro Lopez,79,84,136.6,95.1,166.2,30.6,5.8,88.4,26.8,263.2
23981528,Laura Perez,71,83,105.9,93.4,122.5,11.1,8.7,88.9,23.9,262.9
50956756,Luis Florez,60,81,100.1,94.6,226.3,25.4,9.5,77.5,25.3,229.2
73467903,Ana Diaz,73,67,100.6,97.4,93.1,29.7,6.8,85.1,23.1,239.7
34723448,Laura Perez,62,77,102.4,102.3,253.7,41.1,5.5,74.4,32.0,241.3
97384488,Carlos Lopez,69,64,128.9,90.6,147.5,22.0,0.0,,35.9,248.5
15403252,Diego Garcia,63,75,98.9,104.1,130.6,71.1,0.4,92.5,34.4,252.8
38204739,Valentina Hernandez,56,78,115.5,100.0,145.0,59.3,2.0,84.4,34.4,222.8
60422654,Luis Florez,63,95 bpm,129.3,110.8,178.1,16.0,1.9,,29.9,225.6
14151785,Laura Lopez,50,59,126.2,102.1,91.0,55.5,2.5,95.3,30.6,272.3
39489478,Diego Garcia,72,80,114.2,92.1,254.2,55.8,3.0,39.5,31.1,206.4
69509024,Sofia Perez,76,92,122.9,87.2,137.4,76.9,3.6,105.8,33.4,260.7
60538135,Diego Lopez,72,84,121.6,87.5,123.6,10.2,4.2,49.4,29.9,187.7
47192252,Pedro Florez,51,84,116.6,92.3,101.9,27.4,1.0,65.6,34.7,212.5
80393185,Carlos Florez,75,82,116.8,96.3,136.3,74.9,0.4,74.4,33.3,251.9
27456057,Luis Florez,73,90,153.5,99.7,144.9,75.2,6.7,72.8,27.9,228.7
58515114,Maria Garcia,66,61,132.1,103.0,131.4,60.4,5.4,90.1,31.9,241.5
32197928,Carlos Rodriguez,57,58,157.2,96.4,180.8,,4.4,59.1,31.7,217.1
54882342,Luis Martinez,69,74 bpm,-45.0,72.6,133.7,16.4,6.3,,27.2,232.3
97338581,Juan Florez,75,49,118.7,90.1,350.4,46.0,8.3,66.3,26.4,201.1
85542704,Luis Ruiz,63,89,100.0,86.9,163.2,26.2,4.3,79.4,31.0,225.7
62777488,Ana Gomez,66,89,107.9,93.4,221.8,22.7,6.4,74.0,28.3,257.1
92249313,Pedro Ruiz,75,69,148.5,95.0,99.3,66.7,9.5,76.4,25.8,240.4
92572229,Juan Garcia,77,70,112.2,82.8,130.5,19.5,8.4,66.8,27.1,221.7
41770093,Maria Hernandez,57,74,148.8,93.2,122.9,42.8,4.3,,29.6,217.3
99338053,Sofia Garcia,74,75 bpm,101.3,89.9,157.4,75.7,6.4,79.3,28.5,243.3
23609569,Laura Lopez,72,76,999.0,96.7,247.9,23.0,1.8,89.2,32.1,257.9
78488768,Sofia Gomez,59,81,114.9,94.6,96.5,78.5,5.6,66.0,26.4,223.4
50907604,Valentina Martinez,61,72,119.0,95.0,96.0,79.6,9.8,62.0,22.7,214.7
78546052,Ana Rodriguez,74,86,133.8,94.2,241.9,48.9,5.2,,28.6,259.3
45210753,Juan Martinez,72,80,126.8,107.2,109.1,21.9,9.3,74.5,20.5,232.1
44093077,Carlos Perez,67,67,113.8,90.8,178.4,32.1,4.1,87.5,31.8,236.5
36737775,Diego Florez,73,91,118.0,95.2,152.6,39.7,10.0,61.4,17.5,202.9
64856769,Maria Lopez,74,58,115.2,98.2,233.1,31.7,5.8,48.3,33.5,162.8
26374601,Diego Diaz,70,73,106.3,95.6,100.7,29.6,0.4,67.0,37.5,250.9
88326927,Sofia Gomez,71,86,106.7,104.8,101.1,78.1,5.9,63.5,27.4,228.2
33689071,Carlos Diaz,69,66,135.4,93.6,155.1,20.7,2.7,73.8,31.7,218.3
70910677,Sofia Florez,71,78,92.6,94.6,324.1,61.3,0.3,65.4,35.2,213.9
50104523,Diego Hernandez,70,81,144.3,86.3,132.9,,8.2,86.1,24.0,239.6
34567790,Juan Rodriguez,75,64,114.9,96.2,121.7,51.7,2.8,70.7,32.1,249.2
63698471,Maria Lopez,59,74,108.4,92.2,164.7,74.1,8.0,77.3,25.2,214.6
88107941,Juan Garcia,76,73,131.1,89.3,303.3,30.2,2.9,77.4,31.4,237.8
62499002,Maria Rodriguez,54,68,142.3,95.5,235.1,23.0,1.9,77.9,33.0,235.3
49993954,Luis Gomez,72,102 bpm,136.8,95.3,522.0,55.6,9.7,74.6,20.7,244.4
98934079,Carlos Florez,73,65,127.5,85.6,91.8,59.9,3.6,82.7,30.7,242.4
64716658,Diego Hernandez,75,87,136.3,97.5,99.6,58.2,6.0,63.1,28.1,188.2
31595966,Carlos Ruiz,75,70,94.3,96.4,165.2,32.4,6.1,96.0,27.9,260.2
69544511,Juan Ruiz,46,61,112.2,90.1,227.4,27.7,5.6,71.5,27.8,212.6
47026182,Luis Gomez,71,76 bpm,-45.0,94.7,116.9,76.9,9.1,55.3,26.3,204.2
46319763,Pedro Lopez,59,82,138.4,97.9,111.9,74.6,6.7,,26.2,258.2
68401945,Laura Garcia,69,86,114.2,95.3,213.7,42.0,4.0,62.2,30.6,187.3
86085630,Sofia Diaz,42,93,132.7,93.8,94.6,69.2,8.6,85.0,27.2,235.5
46185155,Maria Diaz,73,110,128.0,92.8,126.9,41.7,1.8,108.1,32.7,273.9
38997485,Valentina Diaz,67,78,107.1,96.2,146.4,39.7,5.4,,28.9,209.1
27642355,Valentina Florez,66,67,111.2,105.5,155.7,21.0,9.5,80.0,23.4,251.1
93261653,Pedro Gomez,60,80,139.4,97.1,194.3,39.8,6.3,48.7,30.0,190.4
87076110,Pedro Florez,70,71,108.4,85.5,125.1,47.6,8.2,81.8,24.7,248.9
84652023,Luis Garcia,57,86,121.9,94.6,165.9,11.6,6.5,61.7,29.7,203.2
15384935,Valentina Hernandez,72,59,108.3,102.6,160.4,41.1,8.4,65.6,24.7,221.9
22155092,Luis Hernandez,64,103,115.3,86.7,153.5,64.7,9.4,58.5,21.9,219.4
24514254,Diego Rodriguez,57,85,119.3,114.0,171.8,57.6,2.7,86.0,33.1,238.0
29678933,Sofia Perez,75,54,108.3,106.4,114.0,54.5,1.7,90.1,32.4,266.9
33063155,Pedro Perez,62,66,105.6,85.7,97.1,73.7,4.8,75.4,30.4,233.8
33593741,Ana Hernandez,73,84 bpm,124.3,105.1,100.2,11.3,7.0,62.0,21.1,228.7
96097818,Juan Perez,70,89,107.3,93.4,110.3,49.0,2.3,98.8,32.3,265.2
49247228,Valentina Hernandez,65,59,107.8,100.8,145.5,,0.0,63.7,34.0,221.3
69010024,Carlos Ruiz,56,83,105.9,94.1,236.8,47.9,3.4,42.6,28.8,183.2
79748793,Juan Perez,65,51 bpm,118.8,94.4,186.7,32.7,9.7,81.9,22.3,241.4
13133211,Juan Lopez,61,73,134.2,96.6,214.5,19.5,6.9,58.4,25.5,211.5
21616152,Sofia Florez,66,88,142.6,99.0,124.6,72.1,4.0,89.8,30.1,262.8
11726199,Pedro Hernandez,68,68,109.1,81.5,131.5,43.0,1.9,69.3,30.0,205.2
22756935,Pedro Ruiz,67,56,152.3,96.0,130.0,71.5,3.6,84.1,31.4,267.6
15071915,Carlos Martinez,61,76,104.9,90.1,107.0,51.0,1.7,96.0,35.7,236.1
42005216,Laura Diaz,75,67,136.3,93.2,95.1,57.2,1.1,56.9,34.3,195.0
77552809,Maria Gomez,55,82,109.2,93.2,161.5,66.3,9.1,66.5,25.7,218.4
83418978,Valentina Perez,75,64,106.9,94.7,452.4,56.1,10.0,73.9,25.2,237.0
60352901,Pedro Rodriguez,78,65,108.8,93.0,104.6,37.9,1.6,98.1,35.5,290.7
12276787,Valentina Perez,61,50,119.2,87.3,93.8,46.0,0.5,65.1,38.1,189.8
70974870,Pedro Perez,72,77,128.7,88.8,211.0,66.2,3.3,66.1,30.0,211.5
51245272,Juan Hernandez,64,73,130.0,81.5,113.3,36.2,4.6,,28.0,211.4
33278769,Ana Gomez,74,60 bpm,105.8,94.7,231.6,37.2,2.0,66.3,34.1,220.0
25342276,Luis Diaz,71,77 bpm,105.2,107.0,187.4,16.7,3.0,77.3,32.8,240.0
44829066,Sofia Diaz,75,87,106.3,87.7,323.0,74.0,2.0,51.7,34.1,221.5
79863927,Valentina Diaz,77,72,118.3,106.2,132.1,16.4,7.7,108.2,29.5,284.1
11228807,Pedro Martinez,59,78,116.8,98.1,176.8,,7.1,54.8,26.5,217.8
35288599,Luis Gomez,76,78,105.7,96.6,140.0,38.9,6.3,,28.2,234.0
65495163,Carlos Rodriguez,73,60,124.0,96.7,169.7,38.4,3.9,74.5,28.4,225.2
59840603,Sofia Perez,76,99 bpm,153.9,100.3,137.8,,9.1,,28.4,254.4
42134440,Ana Perez,77,69,112.4,87.3,106.7,,9.7,55.1,22.7,206.8
74825507,Luis Diaz,74,82 bpm,113.5,95.0,146.7,51.6,1.7,104.8,32.3,254.8
51156180,Carlos Lopez,60,84,128.4,97.5,150.2,64.0,2.2,86.4,31.6,269.0
81572022,Diego Gomez,60,73,111.6,96.0,223.1,68.0,5.3,81.3,27.4,239.5
85912072,Diego Ruiz,75,82,130.0,100.5,196.4,21.9,0.9,60.2,32.4,228.3
45823502,Ana Florez,73,77,109.2,85.3,177.2,72.8,4.4,83.6,28.7,238.1
47967791,Luis Lopez,76,57,147.5,97.4,99.6,55.9,5.8,64.1,25.3,220.3
17640167,Laura Hernandez,71,71,125.2,95.4,192.0,71.7,5.2,94.0,27.2,264.1
96717649,Sofia Ruiz,72,67,110.7,93.6,145.5,44.0,3.3,60.4,34.9,210.0
17322153,Maria Diaz,69,69,111.2,93.1,269.6,47.9,5.4,73.3,30.0,223.5
53391803,Pedro Martinez,69,59,112.3,96.4,291.9,74.3,9.6,66.7,25.3,225.9
46073939,Ana Ruiz,70,88,140.6,102.6,94.5,73.0,2.1,60.2,34.9,196.4
61588363,Ana Garcia,75,94,101.0,95.0,227.5,41.4,6.5,86.1,30.8,231.0
52023297,Luis Rodriguez,65,86,110.0,100.2,93.1,29.2,0.4,83.0,30.9,263.2
28303750,Valentina Perez,62,90,111.6,93.9,126.6,37.5,0.7,93.1,31.7,270.6
94710223,Diego Florez,60,70,119.8,87.1,152.5,37.1,5.5,48.3,26.8,193.4
67678210,Diego Gomez,79,67,115.9,84.5,102.8,30.1,1.0,91.0,32.8,281.4
93110764,Valentina Rodriguez,54,65,97.6,83.6,199.7,28.8,0.2,112.6,34.1,284.9
64134634,Sofia Garcia,61,82,114.0,93.6,90.7,70.3,1.7,68.2,32.0,242.2
73442983,Luis Lopez,72,77,118.5,93.0,104.8,14.9,5.6,103.4,28.7,277.8
40284261,Laura Hernandez,65,74 bpm,110.6,97.9,159.6,57.4,7.0,71.1,26.6,211.2
77480480,Carlos Diaz,66,90,130.3,98.3,190.2,22.1,2.0,54.4,31.1,229.3
28737371,Juan Martinez,69,79,133.8,83.6,288.8,34.1,6.7,70.4,22.6,240.5
72344320,Valentina Gomez,72,64,118.8,90.9,187.8,14.3,1.8,90.7,30.8,254.3
19163766,Valentina Rodriguez,78,66 bpm,123.5,92.0,179.1,28.9,6.1,62.4,26.5,224.5
95655047,Maria Perez,64,83,87.6,95.5,130.1,63.8,4.1,66.0,29.6,212.9
91560164,Carlos Ruiz,62,87,113.7,88.8,90.1,72.0,6.5,83.9,24.9,258.3
69636639,Juan Rodriguez,70,81,135.1,88.4,100.2,25.5,10.0,,22.1,196.7
43833647,Laura Ruiz,72,97,113.6,105.9,151.2,42.4,9.4,83.8,21.5,230.4
12843236,Diego Diaz,70,94,108.9,99.7,179.9,42.9,0.0,,34.7,252.5
22126467,Ana Lopez,58,80,154.2,89.9,133.2,71.2,8.9,82.2,22.2,239.5
84488797,Maria Diaz,71,64,147.3,94.0,194.9,63.4,0.7,68.5,32.5,225.9
66366866,Sofia Rodriguez,68,59,127.0,93.3,149.0,45.9,9.5,78.5,20.9,217.5
41853087,Diego Rodriguez,65,70,137.1,99.4,96.2,57.0,2.8,61.1,31.3,239.4
32362925,Diego Perez,68,84,86.6,95.1,107.1,69.3,3.8,94.3,28.7,279.3
40781302,Valentina Diaz,53,96,108.2,88.2,236.6,10.7,0.9,65.5,35.7,215.2
94464768,Sofia Diaz,72,80,113.0,98.3,193.3,38.2,1.1,91.9,34.5,251.8
59439294,Luis Perez,66,89,116.5,93.8,270.1,73.5,7.3,71.5,26.1,242.7
81335020,Sofia Garcia,62,72,112.7,91.8,100.0,61.8,9.4,78.0,22.1,266.8
75972086,Sofia Lopez,57,82,81.7,93.6,460.2,48.0,6.1,67.6,28.4,235.7
60122260,Valentina Perez,67,84,125.8,95.0,108.8,47.1,7.2,59.8,27.8,242.2
37640477,Laura Lopez,62,51 bpm,128.2,93.1,90.9,34.3,7.6,48.8,26.1,179.4
51537804,Luis Gomez,69,70,144.0,91.4,566.9,46.4,2.6,59.2,35.1,196.5
55145249,Maria Ruiz,78,86 bpm,108.2,93.9,116.4,55.9,0.5,70.1,35.4,207.4
51682179,Juan Florez,59,78,106.9,78.7,178.2,,0.0,78.2,36.8,243.9
39754469,Juan Ruiz,72,60,79.8,98.9,105.6,60.0,3.5,90.2,31.1,257.9
57384057,Sofia Perez,71,45,115.6,89.6,159.4,70.3,2.4,68.3,33.5,220.2
35698550,Sofia Gomez,73,70 bpm,999.0,82.8,277.5,20.8,0.6,61.8,32.7,224.8
30729471,Laura Ruiz,78,74,110.8,96.8,120.9,41.6,1.8,53.4,31.9,218.5
64148890,Juan Ruiz,62,64,152.2,99.0,178.8,38.6,1.2,82.2,34.2,220.4
12592536,Carlos Diaz,60,76,116.2,99.9,106.7,58.1,9.1,95.7,24.7,254.7
54918675,Diego Lopez,75,81,122.2,94.9,168.4,27.5,1.4,94.0,34.3,273.3
75532833,Valentina Martinez,61,83,99.6,90.6,122.8,54.8,5.4,85.6,30.7,241.5
82613245,Laura Hernandez,67,46,124.3,98.2,109.0,71.4,5.9,84.6,25.0,234.9
27296381,Luis Florez,68,59,90.3,97.5,120.1,39.3,5.4,100.5,26.5,286.0
64745732,Diego Rodriguez,70,71,130.4,91.5,105.8,73.8,1.0,80.0,34.3,220.6
30218082,Pedro Florez,75,81,130.9,103.2,275.8,79.5,3.2,84.7,29.7,242.5
71963740,Valentina Lopez,72,80,140.4,87.2,130.5,17.4,0.5,70.2,41.1,230.2
75454344,Pedro Perez,57,80,104.7,111.8,112.5,26.3,4.0,54.6,31.3,193.2
38190067,Ana Perez,58,70,122.4,101.4,137.6,76.5,1.9,64.7,32.6,228.9
61359205,Pedro Perez,70,71,128.5,97.4,120.9,77.1,5.6,74.9,27.2,223.8
50990129,Carlos Diaz,70,66,126.6,105.5,199.1,16.8,6.9,75.9,25.7,255.0
83007749,Carlos Ruiz,69,84,107.0,97.9,373.8,11.0,5.3,103.9,28.7,274.0
51156155,Maria Ruiz,69,63,84.1,90.2,136.1,21.3,4.3,,30.0,244.4
17946155,Juan Garcia,76,85,125.2,94.4,247.9,79.7,3.9,92.7,29.4,270.2
92959736,Juan Hernandez,56,77,117.7,85.3,156.8,22.6,8.4,68.5,24.4,213.3
20384778,Valentina Diaz,75,74,111.5,93.8,103.7,45.2,2.2,70.3,35.1,194.7
49242670,Maria Lopez,62,67,131.5,98.3,183.9,69.4,7.3,55.1,29.0,208.0
16703560,Laura Martinez,55,58 bpm,119.3,93.7,147.6,11.4,7.6,63.9,26.4,216.9
70336852,Ana Martinez,68,67 bpm,100.2,92.9,174.1,52.3,4.2,82.9,27.3,252.7
28562775,Maria Martinez,61,71,-45.0,96.1,266.4,29.4,3.0,75.1,32.5,229.3
39012949,Carlos Garcia,77,46,103.1,101.8,136.4,70.4,4.7,89.1,32.5,247.3
77642498,Carlos Florez,71,72,155.9,83.2,275.2,29.8,0.9,77.7,36.6,266.7
30709963,Laura Gomez,78,86 bpm,130.8,93.7,201.1,58.1,0.5,69.7,35.9,202.5
85211737,Laura Florez,59,81,122.8,89.2,143.6,57.2,1.1,107.2,36.5,291.8
92434203,Sofia Perez,70,69,117.3,97.5,164.0,25.5,1.9,73.6,32.9,221.8
67888503,Maria Martinez,74,75,116.3,87.2,121.5,,5.0,92.4,30.2,253.6
39581501,Juan Martinez,62,68,137.5,97.0,418.8,38.6,8.5,69.0,23.4,218.7
11406368,Pedro Gomez,57,76,112.6,92.2,178.1,30.2,2.4,85.6,32.8,236.4
69565730,Laura Rodriguez,67,93,128.7,90.4,93.6,66.6,9.4,88.9,26.4,261.9
82894131,Valentina Hernandez,74,86,114.8,105.3,121.6,66.0,9.5,78.1,22.4,258.1
28001960,Valentina Perez,66,81,149.1,78.5,168.1,42.0,9.6,39.7,21.8,186.6
99856306,Maria Martinez,74,69,131.1,94.3,94.6,52.5,8.4,75.3,25.1,234.5
65194542,Carlos Rodriguez,70,83,138.7,79.3,91.9,52.3,3.6,93.5,30.2,245.4
26150865,Diego Hernandez,72,54,111.2,94.8,137.8,67.9,0.7,82.9,35.4,252.1
96017098,Pedro Martinez,72,71,135.9,95.0,122.4,39.8,5.7,81.7,27.3,274.9
73349631,Maria Martinez,63,82,115.3,92.8,136.1,29.3,5.6,49.2,31.7,188.0
47043861,Laura Rodriguez,57,83,121.7,88.3,114.4,28.6,8.5,64.2,22.2,210.7
92974992,Carlos Ruiz,57,83,144.5,93.6,104.4,47.5,10.0,81.2,25.6,233.3
20897034,Luis Lopez,62,78,104.4,97.1,183.5,41.4,5.1,81.2,27.4,234.4
54474126,Ana Garcia,59,72,123.0,99.2,147.8,40.8,3.5,93.2,27.3,218.7
27071962,Juan Diaz,54,81,126.6,95.3,107.9,,1.9,72.8,33.2,235.3
49265186,Luis Rodriguez,70,63,127.8,96.0,120.8,60.3,0.0,81.1,34.4,228.9
15432019,Carlos Florez,75,64,113.2,90.4,161.7,25.0,5.1,75.2,26.7,208.7
98238972,Laura Perez,71,75,151.3,92.2,96.0,23.8,5.6,60.2,25.0,221.6
95588239,Juan Gomez,77,77,100.6,89.4,102.8,38.9,8.2,41.2,25.1,165.5
64089633,Diego Ruiz,66,53,141.9,91.5,96.1,,5.0,81.5,30.9,237.1
64133825,Maria Ruiz,62,80,138.2,91.0,223.8,50.9,9.2,77.6,25.2,258.4
20392034,Diego Gomez,62,84,148.5,95.2,201.7,36.0,6.3,65.7,27.6,197.5
26394487,Luis Ruiz,58,74,96.2,95.7,202.0,41.4,8.4,50.7,25.9,173.1
40671003,Maria Martinez,77,103,107.0,106.0,190.8,47.6,1.5,84.4,33.2,250.7
90021414,Pedro Rodriguez,69,66,142.4,90.3,178.5,24.2,8.6,71.0,21.9,243.8
56737861,Luis Ruiz,57,70 bpm,91.8,96.7,141.9,20.9,6.8,83.4,24.1,221.4
61484872,Valentina Rodriguez,69,70,95.9,100.0,172.2,71.6,1.7,103.0,32.6,280.6
46204667,Ana Diaz,60,74,112.7,95.6,93.1,40.4,1.9,42.9,32.4,193.0
53683574,Pedro Gomez,75,71,122.9,91.6,167.7,38.8,9.3,64.5,25.6,185.9
72612095,Ana Martinez,75,58,143.9,91.8,210.4,12.5,0.3,71.9,36.1,239.8
86802238,Diego Garcia,75,68,117.2,82.3,145.5,44.9,4.6,96.8,30.7,278.4
38563971,Diego Garcia,60,73,110.9,92.5,125.4,48.8,3.1,50.5,30.7,191.0
64351768,Laura Lopez,56,89,124.7,98.4,116.0,49.1,6.7,104.0,24.3,294.8
81415950,Luis Perez,58,101,127.0,83.2,172.4,59.5,8.4,77.0,25.7,252.6
35793044,Sofia Ruiz,62,91,126.6,90.9,184.4,22.4,3.6,73.6,31.7,231.9
18329442,Carlos Ruiz,71,65,-45.0,97.7,253.8,27.7,4.3,72.0,25.1,221.3
66501560,Luis Perez,65,66,90.7,99.2,123.5,66.8,9.8,68.5,21.5,208.1
18831924,Maria Garcia,77,73,106.2,94.5,207.5,76.3,7.8,90.7,24.2,255.5
49722995,Diego Gomez,74,96,141.3,97.5,155.9,19.5,9.0,59.0,24.5,217.0
13456653,Laura Diaz,66,73,122.8,93.7,261.5,44.8,4.4,80.2,28.1,235.4
70186000,Sofia Garcia,67,59,115.2,89.3,150.0,25.0,2.3,69.2,32.1,190.9
78997670,Juan Ruiz,75,68,136.8,93.9,148.3,14.2,4.1,63.6,29.6,234.4
40912354,Diego Gomez,65,84,103.0,95.9,159.0,32.8,7.2,113.8,26.1,293.5
47516108,Diego Garcia,67,83,116.6,106.3,200.7,20.1,1.1,81.3,32.3,236.2
54181713,Laura Martinez,62,72,122.1,85.1,357.5,59.7,2.7,84.2,30.5,259.2
14058848,Carlos Florez,76,83,113.4,95.1,96.1,47.4,0.5,92.1,32.3,281.0
72201082,Sofia Perez,71,47,121.5,92.9,94.4,20.1,4.3,53.7,30.6,158.5
10809178,Carlos Perez,41,76 bpm,117.2,95.1,311.9,10.6,8.3,101.3,26.2,278.4
65109050,Carlos Gomez,54,85,99.0,79.8,150.4,,0.2,37.4,33.2,154.6
84042970,Diego Gomez,76,65,122.7,92.7,166.3,22.3,6.8,63.5,29.9,222.7
73391073,Ana Florez,62,64,100.1,100.1,142.7,52.4,9.3,68.1,23.2,224.1
51040759,Laura Hernandez,74,52,122.5,95.6,97.9,33.6,2.4,83.7,35.2,255.1
29339821,Maria Garcia,50,94,140.6,94.5,206.9,51.0,6.9,78.3,25.4,229.9
44275469,Pedro Florez,63,66,115.8,92.2,200.0,32.1,9.8,72.5,19.2,200.6
99393763,Valentina Perez,73,77,102.4,92.4,119.9,16.1,9.6,74.8,24.3,225.5
38398068,Maria Florez,75,82,118.1,93.7,119.3,25.6,2.3,60.3,32.7,216.6
76134855,Pedro Gomez,77,93 bpm,107.5,100.6,235.5,23.2,1.0,52.5,33.9,214.0
26530109,Sofia Rodriguez,63,73,128.9,108.6,96.0,40.0,1.5,85.9,31.9,231.3
33195170,Laura Diaz,75,68,117.8,94.3,260.4,56.1,7.0,85.4,26.5,263.5
37965074,Laura Diaz,73,77,145.6,93.8,113.7,28.5,7.3,,25.3,258.4
44575901,Pedro Diaz,65,90,137.4,100.9,161.9,10.8,6.7,63.1,26.3,220.2
82888141,Maria Ruiz,61,72,117.7,94.2,309.9,46.3,3.4,85.4,32.7,240.4
54324346,Sofia Perez,59,63,130.7,95.5,180.7,52.4,1.7,70.7,33.3,228.8
80001235,Ana Hernandez,59,56 bpm,114.1,91.1,132.8,77.4,5.8,92.9,29.3,272.7
87309808,Ana Martinez,69,60,120.5,98.3,183.6,51.3,4.8,90.3,28.7,237.1
56276888,Laura Florez,70,85,114.6,95.3,123.7,43.0,7.3,,25.6,227.1
75257895,Laura Florez,70,71,131.5,99.8,116.0,,4.4,69.9,27.4,227.6
60794649,Juan Diaz,78,67,141.5,99.1,546.7,75.0,3.4,89.4,30.2,290.1
20539669,Valentina Perez,72,66,132.0,90.8,201.2,68.0,2.9,84.7,24.8,234.1
72670767,Laura Hernandez,76,76,133.8,97.8,172.8,32.6,2.1,64.7,31.3,247.7
96708216,Diego Rodriguez,57,72,133.8,99.6,125.1,26.6,2.7,55.1,31.6,232.7
57108178,Valentina Rodriguez,65,71,128.3,93.2,94.0,28.4,0.9,70.7,35.0,224.5
27292909,Pedro Martinez,56,91,102.9,89.7,92.5,45.3,3.5,,30.3,262.1
29413938,Sofia Hernandez,76,93,145.5,68.8,154.6,62.1,0.4,92.2,35.3,247.9
68149762,Luis Hernandez,72,55 bpm,147.1,94.5,204.8,45.2,1.9,58.3,28.4,206.4
27016233,Juan Perez,64,78,116.5,93.3,151.7,14.7,7.5,57.5,25.9,185.1
60746642,Laura Perez,67,65,114.4,95.6,237.0,60.7,3.3,94.1,27.7,260.0
87337555,Juan Garcia,58,72,129.2,90.1,92.7,66.4,6.7,58.0,24.6,229.4
66043692,Luis Ruiz,76,78,128.3,101.4,126.6,30.3,7.2,82.6,26.0,234.8
44020414,Diego Rodriguez,74,72,117.0,91.7,111.6,56.5,5.8,65.8,30.6,215.0
23907579,Valentina Rodriguez,58,77 bpm,101.2,91.0,137.4,39.9,9.6,99.3,24.2,243.4
82562038,Juan Garcia,68,83,124.6,94.8,96.0,72.2,0.2,,34.8,220.8
16124152,Carlos Hernandez,75,78 bpm,128.3,95.0,336.6,69.2,7.4,92.2,26.1,262.2
11164795,Carlos Lopez,67,67,130.9,90.8,110.2,46.8,9.6,77.8,22.1,237.6
53332370,Valentina Ruiz,63,67,125.2,92.0,294.4,58.4,8.6,78.8,23.6,234.9
63009395,Ana Lopez,72,57,115.9,89.6,134.4,71.8,1.7,45.4,33.8,183.8
90875917,Ana Martinez,72,64,134.9,97.9,428.8,44.7,3.3,42.0,28.3,190.5
79518245,Sofia Perez,51,98,121.0,98.9,154.6,31.9,1.7,71.7,34.1,227.1
50580924,Carlos Rodriguez,67,65,113.0,94.6,303.7,62.8,6.0,78.7,27.0,242.8
35086627,Diego Martinez,56,60,117.3,97.8,90.4,25.4,7.1,58.1,28.1,210.4
21959207,Valentina Lopez,68,78 bpm,93.8,98.2,200.3,37.2,3.2,58.7,33.1,224.9
67190864,Maria Martinez,65,73,117.3,88.6,276.7,70.6,5.4,83.4,25.2,255.3
73881480,Maria Perez,73,72 bpm,130.3,108.5,102.0,60.7,6.9,83.4,25.5,248.1
63274943,Ana Garcia,66,91,125.1,100.1,98.1,38.3,4.2,72.9,28.2,252.2
30060832,Pedro Florez,75,81,142.8,90.5,134.2,25.0,8.5,86.7,21.1,256.4
10077175,Juan Rodriguez,64,68,116.1,90.1,307.1,34.9,7.7,57.4,23.7,225.7
21074355,Valentina Garcia,69,69 bpm,127.3,88.1,152.5,29.9,0.6,69.7,39.1,233.6
95964888,Juan Perez,68,68,131.9,88.6,150.0,22.3,6.2,,28.8,241.9
61689101,Sofia Lopez,73,85,155.1,98.4,102.2,62.0,2.4,76.0,36.0,253.6
29789002,Carlos Rodriguez,58,71,122.2,94.7,90.1,27.6,5.6,76.9,30.0,237.4
60426676,Valentina Ruiz,65,53,104.3,99.2,222.9,41.8,9.6,109.6,22.0,283.6
78667106,Ana Hernandez,57,74,132.7,98.4,97.3,37.0,8.8,54.0,23.7,205.2
42648168,Valentina Perez,70,56,148.0,96.2,170.4,78.7,4.0,86.9,31.3,245.2
90183226,Pedro Lopez,74,101 bpm,115.2,97.3,286.8,37.4,2.9,100.0,32.4,273.3
59375565,Luis Garcia,71,63,132.6,78.5,108.7,15.6,2.3,70.1,31.0,216.3
31725224,Diego Garcia,67,73,138.4,92.6,177.6,16.3,5.3,87.9,25.6,271.0
82554179,Sofia Hernandez,61,78,135.3,96.6,96.6,51.4,1.1,60.3,40.2,208.7
18552442,Diego Martinez,72,71,121.9,75.1,164.1,,5.5,64.7,28.1,211.3
19618395,Maria Hernandez,67,71,109.5,81.4,104.3,39.3,0.0,,34.3,227.3
46566791,Laura Gomez,77,80,118.8,101.1,196.5,40.2,3.2,87.0,31.3,254.5
19714177,Diego Diaz,59,93,126.9,97.3,118.7,13.8,2.2,91.8,31.9,260.5
59626984,Maria Rodriguez,66,84,133.6,91.8,139.8,46.2,9.7,98.5,23.6,273.6
86914300,Luis Lopez,56,92,125.0,97.4,163.2,45.3,7.3,74.0,28.8,215.6
84313640,Carlos Ruiz,63,62,114.3,99.4,105.0,20.5,3.5,92.9,30.6,235.3
97094903,Sofia Martinez,76,78,128.3,92.6,198.3,17.3,0.9,69.9,31.6,234.2
15051646,Pedro Florez,63,76,132.9,81.8,118.8,18.7,5.2,88.5,28.5,275.1
80734518,Juan Garcia,66,79 bpm,125.7,105.0,176.9,17.1,2.1,78.1,31.5,221.8
10285711,Valentina Florez,73,91,107.5,93.1,103.8,52.7,5.4,81.7,31.4,266.4
99164252,Diego Gomez,76,72,117.3,87.3,183.2,23.8,8.4,81.4,27.3,246.3
67244528,Luis Martinez,70,70,134.2,94.9,101.0,27.6,6.2,50.9,27.8,196.3
27353135,Sofia Gomez,76,81,99.3,98.8,134.3,22.2,6.3,58.1,24.8,201.2
24689949,Diego Garcia,50,53,88.6,90.9,112.7,77.0,5.4,76.5,26.1,214.0
97217186,Ana Diaz,52,72 bpm,142.6,91.9,200.4,69.8,9.3,49.7,23.9,209.4
86350218,Luis Lopez,76,73,127.7,91.4,114.3,26.1,9.3,87.5,24.5,239.6
43976813,Luis Gomez,54,63,129.1,115.5,260.8,32.9,5.1,88.1,28.1,240.4
61308081,Carlos Ruiz,76,87,103.8,90.4,267.9,24.7,3.1,79.9,30.4,254.7
56597588,Sofia Garcia,76,62,131.1,95.8,107.5,,4.6,58.2,28.3,179.0
21059860,Ana Perez,69,73,124.1,104.5,166.1,11.4,1.9,95.7,32.7,240.7
14900164,Maria Diaz,72,78,96.2,88.9,97.3,57.0,6.4,105.6,22.6,278.1
19909551,Luis Martinez,73,91,141.4,109.2,129.7,46.6,5.0,77.2,26.8,240.2
91061139,Valentina Gomez,69,74,122.4,106.3,190.0,72.9,1.0,82.7,32.5,251.3
16336356,Pedro Rodriguez,73,86,114.1,102.3,176.2,21.5,2.0,78.0,35.0,232.5
32456258,Laura Lopez,79,83,114.3,90.8,168.4,66.3,4.8,83.0,27.6,282.4
94287147,Luis Lopez,62,76,89.8,96.6,116.6,65.4,8.9,73.2,24.7,226.4
90813044,Carlos Gomez,60,61,128.9,98.7,128.0,18.9,5.7,74.5,28.7,228.3
10460796,Juan Florez,67,57,123.9,112.9,98.7,37.9,6.8,88.6,29.4,240.9
24503356,Ana Lopez,73,76,117.1,89.9,191.6,21.9,3.4,110.2,33.5,287.1
15994376,Maria Ruiz,70,68 bpm,139.2,98.8,146.1,27.8,5.7,54.0,28.0,210.2
65620931,Maria Diaz,62,86,99.2,93.1,188.7,28.4,4.5,73.4,28.7,248.2
82098768,Maria Diaz,68,83,-45.0,89.8,112.9,48.9,6.6,57.3,25.8,183.6
19392609,Pedro Ruiz,57,72,107.2,94.1,121.4,38.8,0.5,98.9,33.9,264.6
27089239,Maria Hernandez,73,61 bpm,115.8,99.4,122.5,76.3,4.9,66.2,28.2,226.0
88703071,Laura Martinez,65,81,121.0,94.6,92.1,18.8,3.0,53.4,32.6,208.8
49824448,Pedro Martinez,76,62,126.5,95.4,123.4,78.2,3.3,,31.9,247.0
84931500,Maria Florez,70,65,114.8,118.2,220.1,26.1,9.6,101.2,24.7,279.9
39851990,Pedro Ruiz,73,63,106.8,93.9,272.1,64.1,1.8,85.0,35.3,235.3
94641191,Maria Lopez,62,73,145.3,96.3,148.4,33.7,3.1,78.1,35.0,260.5
29097931,Carlos Hernandez,78,89,156.2,93.4,138.6,20.0,5.1,81.1,29.1,256.6
29012021,Sofia Garcia,69,74,122.1,93.8,92.5,70.1,8.6,96.2,26.8,244.2
63789198,Luis Garcia,73,69,108.6,97.5,259.1,31.6,4.2,61.9,29.3,196.7
45104616,Maria Gomez,65,56,142.1,105.4,91.0,56.1,7.4,73.3,28.4,214.3
85261977,Pedro Hernandez,72,81,98.3,95.4,321.7,49.7,8.6,68.2,26.8,232.5
46827955,Valentina Florez,67,65,115.0,98.8,143.7,43.0,3.1,57.5,33.3,187.0
35254492,Maria Perez,69,76,109.6,86.4,123.5,44.7,3.9,70.1,30.5,220.1
71555093,Carlos Florez,61,70,102.6,90.7,296.4,61.3,3.6,91.6,29.4,264.2
67293031,Sofia Ruiz,72,85,115.8,95.0,92.0,16.1,8.3,83.5,22.2,244.3
55562388,Carlos Ruiz,70,73,107.0,78.9,159.7,56.8,0.4,,34.4,250.9
37090738,Diego Martinez,60,74 bpm,120.2,91.6,153.7,72.7,3.1,77.2,34.4,219.8
43269285,Carlos Gomez,64,80,120.4,95.2,109.8,14.0,6.8,82.8,26.2,253.2
42436728,Juan Lopez,75,100,110.7,77.5,134.8,19.8,5.7,63.0,29.8,205.3
74999068,Luis Diaz,71,85,114.4,91.8,174.5,60.2,4.4,70.4,31.5,220.7
72730418,Valentina Perez,67,73 bpm,116.5,95.1,193.9,40.6,5.4,77.9,28.0,240.4
90244867,Maria Garcia,73,75,132.1,95.8,90.1,38.2,2.0,79.2,35.3,240.3
96656822,Diego Gomez,69,68,117.8,104.5,311.0,19.6,4.3,79.8,24.0,240.1
63102022,Diego Diaz,75,63,132.4,96.7,104.4,45.5,5.0,72.9,26.5,218.1
38748123,Diego Lopez,70,68,128.8,94.1,111.3,18.9,9.0,69.3,22.4,219.5
54988955,Diego Martinez,67,65,128.6,104.9,114.5,43.4,2.6,122.4,30.2,303.6
76290435,Maria Garcia,74,82,140.8,99.2,93.1,63.5,8.7,88.6,25.3,232.3
50850837,Ana Garcia,71,62,103.2,90.4,100.5,28.1,6.4,81.2,27.8,234.9
33623755,Juan Garcia,72,90,112.9,88.3,433.5,43.7,0.2,71.5,35.5,233.1
91248172,Maria Perez,50,84,146.4,97.2,120.3,79.4,7.2,68.2,27.5,203.2
18659522,Diego Hernandez,76,75,116.1,95.6,99.8,58.1,0.4,73.0,32.7,246.9
64441451,Juan Gomez,77,75 bpm,77.8,99.3,99.1,,10.0,79.4,20.6,258.1
65967937,Sofia Garcia,56,68,117.0,98.2,191.7,39.0,8.7,46.8,25.3,171.5
39639841,Pedro Diaz,52,78 bpm,122.0,96.4,244.2,63.8,3.0,51.5,30.2,217.6
27811802,Luis Gomez,55,88,80.7,113.0,113.8,12.8,2.6,65.4,28.8,216.0
74812392,Valentina Hernandez,63,66,140.0,95.3,91.7,18.6,3.8,78.1,32.4,243.4
36912512,Luis Rodriguez,68,56,109.3,87.6,110.2,24.2,3.6,71.4,33.5,219.7
91428039,Diego Gomez,69,83,124.9,100.3,94.7,38.1,3.7,97.2,33.6,279.6
49101526,Carlos Gomez,71,78 bpm,116.6,91.6,98.7,69.2,3.2,52.8,31.6,205.2
13100581,Juan Garcia,69,61,100.7,99.0,135.2,34.2,6.2,,28.8,203.4
46216069,Valentina Rodriguez,78,66,103.9,107.3,110.9,55.8,1.6,97.8,35.8,249.2
80781141,Sofia Florez,68,64,106.0,97.5,148.0,59.7,8.5,77.0,23.6,213.5
28861720,Maria Diaz,74,66,136.3,96.1,113.4,51.0,8.1,88.3,27.5,255.2
22545745,Juan Lopez,76,71,117.8,94.6,315.8,35.0,4.8,105.8,29.8,287.2
87752208,Valentina Ruiz,74,71,112.2,93.4,279.1,50.4,8.5,64.6,26.6,226.7
46575804,Maria Garcia,61,67,106.0,93.3,156.9,34.0,2.5,73.5,32.4,228.5
26077579,Luis Florez,66,65,137.9,96.6,125.0,15.9,0.2,70.9,37.4,209.0
54331269,Diego Lopez,72,72,142.0,98.5,128.4,,6.2,45.7,28.0,178.3
71842137,Maria Lopez,60,77,137.8,97.2,132.5,18.9,4.6,,26.5,242.8
14854042,Ana Hernandez,56,71,127.4,90.4,194.0,15.1,5.7,88.2,31.1,245.1
74528007,Laura Perez,70,88,124.3,94.9,138.1,71.5,9.0,83.1,22.3,246.8
96357458,Luis Hernandez,69,81,101.8,99.4,245.4,31.1,9.7,84.3,25.9,230.3
13830121,Pedro Lopez,73,55 bpm,116.3,94.8,320.7,55.5,6.3,69.4,27.2,229.1
21951552,Diego Martinez,78,81,109.7,95.4,122.8,33.0,7.6,65.2,28.2,210.9
65685560,Juan Martinez,63,82,92.6,98.9,155.8,37.4,0.8,94.0,36.3,276.8
90947292,Luis Garcia,57,69,135.9,96.9,98.0,28.3,1.6,67.5,33.9,232.9
28130540,Juan Perez,74,57,109.6,94.0,107.9,34.0,7.3,79.4,27.2,231.7
67084656,Ana Lopez,74,75 bpm,999.0,102.8,132.7,38.7,4.3,77.5,30.7,234.3
46926887,Ana Rodriguez,69,74,133.2,89.4,108.5,60.4,4.5,96.9,25.6,257.1
14268173,Sofia Florez,58,61,128.4,118.6,257.4,45.8,3.1,89.6,31.5,233.1
83143586,Ana Perez,63,57,129.2,87.8,103.8,76.0,6.1,55.6,25.5,190.5
52812847,Maria Gomez,60,73,110.8,77.5,138.7,12.9,1.9,,33.1,208.8
33787347,Ana Florez,53,72,147.9,102.6,164.5,45.2,6.3,83.7,25.2,250.4
93719991,Diego Hernandez,58,69,120.6,91.4,184.2,50.9,1.7,74.0,30.5,233.3
81178892,Valentina Hernandez,69,73,124.5,98.1,128.6,74.4,0.6,68.2,37.4,217.7
34728252,Pedro Ruiz,65,61 bpm,110.3,99.9,252.7,13.4,3.3,90.2,33.2,269.3
33647205,Carlos Florez,43,69,106.0,101.3,157.2,50.1,2.3,77.8,32.2,237.7
54607536,Valentina Ruiz,66,81,127.2,115.4,136.3,69.8,8.9,75.8,24.7,244.2
42916781,Ana Martinez,72,70,123.3,92.3,95.6,26.9,0.5,,33.8,223.4
88369648,Ana Garcia,61,54,108.2,97.7,140.0,,1.8,,34.0,165.2
11369277,Pedro Garcia,51,69,98.4,87.7,227.5,11.3,5.5,,27.1,272.0
99408647,Carlos Ruiz,65,62,101.0,94.0,166.3,61.3,4.8,63.2,31.2,193.4
33499306,Valentina Hernandez,77,78 bpm,137.9,101.0,232.8,75.3,0.5,84.9,33.9,244.1
10749971,Laura Garcia,66,78,110.8,93.5,144.5,56.0,0.1,96.5,34.1,260.2
71313915,Luis Garcia,76,55,114.9,96.0,100.1,40.7,9.9,54.3,23.2,225.3
25711072,Diego Florez,56,84 bpm,141.8,95.0,91.1,13.1,6.6,69.8,25.9,230.8
14460276,Diego Florez,75,61,103.2,96.7,118.9,74.4,3.7,,31.3,260.7
51011120,Sofia Florez,58,93,109.1,109.6,185.8,42.9,4.7,,28.3,271.1
64407485,Diego Florez,63,74,108.5,84.0,215.0,12.0,2.7,72.4,32.7,234.2
62565354,Sofia Ruiz,66,60,144.3,95.8,118.1,58.3,3.4,64.0,33.3,209.1
66426293,Carlos Florez,66,61,149.9,101.5,144.8,43.7,6.5,89.3,25.8,270.1
27962327,Luis Martinez,67,79,131.3,94.8,133.7,18.7,8.8,92.8,24.1,242.5
24226224,Maria Ruiz,58,70,131.8,85.7,132.3,25.0,1.8,57.5,33.7,211.1
34509968,Juan Martinez,62,73,111.3,95.6,111.0,14.5,8.4,,24.0,182.2
96278999,Pedro Florez,75,94,149.2,93.0,101.7,50.2,1.2,78.4,34.5,240.6
11500948,Diego Perez,68,66,124.0,89.1,107.5,53.5,2.1,84.4,33.5,249.6
16327090,Juan Martinez,70,75,132.8,101.0,94.6,45.4,0.4,70.5,36.7,250.9
30885050,Valentina Gomez,63,92,118.4,95.2,107.7,67.2,1.4,85.2,32.1,224.3
41834022,Pedro Perez,65,78,116.0,105.1,90.7,70.3,9.2,64.3,22.1,207.5
62740278,Luis Gomez,68,55,144.9,99.7,168.9,53.1,4.6,43.3,28.9,197.3
92335423,Juan Perez,74,81,128.1,97.4,120.4,10.9,0.8,68.6,32.1,228.0
73388426,Carlos Hernandez,76,61,141.8,72.0,379.4,58.7,9.6,75.9,24.6,236.6
68426861,Luis Gomez,66,91,123.8,94.2,107.2,39.3,8.8,70.9,22.1,212.0
66251274,Laura Lopez,71,65,107.3,90.4,124.0,49.6,7.5,57.6,30.6,197.6
37870540,Juan Hernandez,68,110,111.2,103.6,125.4,55.4,9.3,47.8,26.4,210.3
48456876,Valentina Diaz,54,92,121.5,89.7,90.7,34.5,2.2,67.3,32.4,220.2
94078592,Diego Diaz,69,65,110.6,92.2,236.2,74.2,8.4,88.5,26.7,258.3
73876263,Maria Rodriguez,69,75,103.4,95.2,92.6,19.4,6.9,93.8,23.4,259.0
76907755,Pedro Lopez,64,84,138.0,91.8,315.3,57.0,8.7,92.8,29.6,241.5
57718418,Maria Rodriguez,62,84,111.8,90.7,268.1,,8.0,62.8,24.3,228.1
